<date>,<ticker>,<open>,<high>,<low>,<close>,<volume>
11/13/2015,ABDA,7075,7075,7075,7075,0
11/12/2015,ABDA,7075,7075,7075,7075,0
11/11/2015,ABDA,7075,7075,7075,7075,0
11/10/2015,ABDA,7075,7075,7075,7075,0
11/9/2015,ABDA,7075,7075,7075,7075,0
11/13/2015,ABBA,50,50,50,50,0
11/12/2015,ABBA,50,50,50,50,0
11/11/2015,ABBA,50,50,50,50,1400
11/10/2015,ABBA,50,50,50,50,0
11/9/2015,ABBA,50,50,50,50,2000
11/13/2015,ADMF,3800,3800,3690,3690,26600
11/12/2015,ADMF,3770,3800,3760,3760,99400
11/11/2015,ADMF,3850,3850,3760,3760,94600
11/10/2015,ADMF,3880,3880,3800,3800,29200
11/9/2015,ADMF,3840,3845,3800,3800,10800
11/13/2015,ADRO,600,610,580,580,41801100
11/12/2015,ADRO,640,645,610,610,30923600
11/11/2015,ADRO,615,645,605,640,55608800
11/10/2015,ADRO,615,635,610,610,21585100
11/9/2015,ADRO,630,640,615,615,33695000
11/13/2015,AKSI,125,125,125,125,0
11/12/2015,AKSI,125,125,125,125,0
11/11/2015,AKSI,125,125,125,125,0
11/10/2015,AKSI,125,125,125,125,0
11/9/2015,AKSI,125,125,125,125,0
11/13/2015,ADMG,92,96,92,95,5004400
11/12/2015,ADMG,93,93,92,92,560400
11/11/2015,ADMG,95,95,92,93,2326000
11/10/2015,ADMG,92,96,91,95,11401400
11/9/2015,ADMG,92,93,91,93,2847600
11/13/2015,ADES,1030,1030,1000,1000,2500
11/12/2015,ADES,1000,1000,1000,1000,10000
11/11/2015,ADES,1040,1040,1005,1005,14700
11/10/2015,ADES,1005,1005,1005,1005,6400
11/9/2015,ADES,1005,1005,1005,1005,7000
11/13/2015,ALDO,690,695,690,695,89300
11/12/2015,ALDO,685,690,685,690,77800
11/11/2015,ALDO,685,685,680,685,52300
11/10/2015,ALDO,680,685,680,685,79500
11/9/2015,ALDO,680,685,680,685,75800
11/13/2015,ALKA,421,421,421,421,0
11/12/2015,ALKA,421,421,421,421,0
11/11/2015,ALKA,421,421,421,421,0
11/10/2015,ALKA,421,421,421,421,0
11/9/2015,ALKA,421,421,421,421,0
11/13/2015,ALMI,200,201,200,201,14400
11/12/2015,ALMI,203,203,203,203,0
11/11/2015,ALMI,203,203,203,203,0
11/10/2015,ALMI,203,203,203,203,0
11/9/2015,ALMI,203,203,203,203,0
11/13/2015,ALTO,329,329,329,329,10000
11/12/2015,ALTO,325,330,325,329,76800
11/11/2015,ALTO,329,329,329,329,20000
11/10/2015,ALTO,329,329,329,329,900
11/9/2015,ALTO,328,330,328,330,120000
11/13/2015,AMAG,344,344,343,343,200100
11/12/2015,AMAG,350,350,350,350,100
11/11/2015,AMAG,359,359,349,350,73600
11/10/2015,AMAG,358,358,358,358,5000
11/9/2015,AMAG,379,379,379,379,100
11/13/2015,AMFG,6900,6900,6900,6900,0
11/12/2015,AMFG,6900,6900,6900,6900,474700
11/11/2015,AMFG,6900,6900,6900,6900,100
11/10/2015,AMFG,6700,6700,6700,6700,500
11/9/2015,AMFG,6900,7000,6900,6900,1000
11/13/2015,AKKU,127,127,127,127,0
11/12/2015,AKKU,127,127,127,127,0
11/11/2015,AKKU,127,127,127,127,0
11/10/2015,AKKU,127,127,127,127,0
11/9/2015,AKKU,127,127,127,127,0
11/13/2015,AISA,1540,1540,1500,1515,1563900
11/12/2015,AISA,1515,1555,1515,1545,578300
11/11/2015,AISA,1540,1545,1500,1515,1904200
11/10/2015,AISA,1610,1610,1540,1540,7194200
11/9/2015,AISA,1605,1640,1570,1620,2107800
11/13/2015,AIMS,420,420,420,420,0
11/12/2015,AIMS,420,420,420,420,0
11/11/2015,AIMS,420,420,420,420,0
11/10/2015,AIMS,420,420,420,420,0
11/9/2015,AIMS,420,420,420,420,0
11/13/2015,AGRO,101,101,92,100,364000
11/12/2015,AGRO,99,103,99,102,19900
11/11/2015,AGRO,100,102,98,100,3020800
11/10/2015,AGRO,100,102,100,101,10628700
11/9/2015,AGRO,103,104,99,100,32200
11/13/2015,AMRT,545,545,545,545,1000
11/12/2015,AMRT,540,540,540,540,12500
11/11/2015,AMRT,545,550,540,545,12600
11/10/2015,AMRT,540,540,540,540,3528400
11/9/2015,AMRT,535,535,535,535,41800
11/13/2015,ANJT,1610,1610,1610,1610,0
11/12/2015,ANJT,1610,1610,1610,1610,0
11/11/2015,ANJT,1610,1610,1610,1610,0
11/10/2015,ANJT,1610,1610,1610,1610,0
11/9/2015,ANJT,1610,1610,1610,1610,0
11/13/2015,ANTM,325,326,317,319,152795200
11/12/2015,ANTM,333,337,325,326,122667400
11/11/2015,ANTM,345,346,332,333,121115200
11/10/2015,ANTM,335,350,329,342,271625100
11/9/2015,ANTM,355,358,336,337,167618600
11/13/2015,AALI,18500,18875,18000,18050,1148300
11/12/2015,AALI,18000,18925,18000,18550,1288800
11/11/2015,AALI,18700,19000,18000,18000,1353600
11/10/2015,AALI,19050,19475,18700,18700,825400
11/9/2015,AALI,19500,19850,19025,19325,1093800
11/13/2015,AKRA,5975,6150,5925,6100,24528600
11/12/2015,AKRA,5975,6000,5775,5850,11979800
11/11/2015,AKRA,6000,6025,5850,5975,12215100
11/10/2015,AKRA,5900,6100,5850,6000,11789900
11/9/2015,AKRA,6000,6000,5825,5950,6634200
11/13/2015,APEX,3330,3330,3330,3330,0
11/12/2015,APEX,3330,3330,3330,3330,0
11/11/2015,APEX,3330,3330,3330,3330,700
11/10/2015,APEX,3230,3230,3230,3230,3300
11/9/2015,APEX,3330,3330,3330,3330,0
11/13/2015,APIC,625,635,625,635,2699900
11/12/2015,APIC,630,635,630,635,1132300
11/11/2015,APIC,630,630,630,630,1030600
11/10/2015,APIC,625,630,625,630,1080600
11/9/2015,APIC,635,635,630,630,1216000
11/13/2015,APLI,65,65,65,65,0
11/12/2015,APLI,65,65,59,65,11100
11/11/2015,APLI,65,65,65,65,2000
11/10/2015,APLI,65,65,65,65,0
11/9/2015,APLI,65,65,65,65,0
11/13/2015,APLN,250,259,250,258,21688900
11/12/2015,APLN,251,257,248,254,8668500
11/11/2015,APLN,261,263,250,250,12716300
11/10/2015,APLN,260,267,255,261,18685500
11/9/2015,APLN,267,268,259,260,10366100
11/13/2015,APOL,58,58,58,58,0
11/12/2015,APOL,58,58,58,58,0
11/11/2015,APOL,58,58,58,58,0
11/10/2015,APOL,58,58,58,58,0
11/9/2015,APOL,58,58,58,58,0
11/13/2015,ARGO,900,900,900,900,0
11/12/2015,ARGO,900,900,900,900,0
11/11/2015,ARGO,900,900,900,900,0
11/10/2015,ARGO,900,900,900,900,0
11/9/2015,ARGO,900,900,900,900,0
11/13/2015,ARII,400,400,400,400,0
11/12/2015,ARII,400,400,400,400,0
11/11/2015,ARII,400,400,400,400,0
11/10/2015,ARII,400,400,400,400,0
11/9/2015,ARII,400,400,400,400,0
11/13/2015,ARNA,410,411,407,408,1917500
11/12/2015,ARNA,406,414,406,411,1726300
11/11/2015,ARNA,415,415,400,405,1922500
11/10/2015,ARNA,420,425,410,417,807700
11/9/2015,ARNA,434,434,422,425,5564400
11/13/2015,ARTA,260,272,260,271,400
11/12/2015,ARTA,280,280,270,276,5100
11/11/2015,ARTA,299,299,299,299,0
11/10/2015,ARTA,299,299,299,299,0
11/9/2015,ARTA,299,299,299,299,0
11/13/2015,ARTI,245,263,230,260,87713700
11/12/2015,ARTI,248,248,223,240,47740200
11/11/2015,ARTI,255,255,247,247,58770800
11/10/2015,ARTI,254,257,249,253,27255500
11/9/2015,ARTI,260,260,253,255,33662600
11/13/2015,ASBI,440,440,440,440,0
11/12/2015,ASBI,440,440,440,440,0
11/11/2015,ASBI,440,440,440,440,0
11/10/2015,ASBI,440,440,440,440,0
11/9/2015,ASBI,440,440,440,440,0
11/13/2015,ASDM,1000,1000,1000,1000,0
11/12/2015,ASDM,1000,1000,1000,1000,0
11/11/2015,ASDM,1000,1000,1000,1000,0
11/10/2015,ASDM,1000,1000,1000,1000,0
11/9/2015,ASDM,1000,1000,1000,1000,0
11/13/2015,ASGR,1740,1780,1700,1700,155500
11/12/2015,ASGR,1780,1780,1725,1725,1600
11/11/2015,ASGR,1730,1740,1725,1725,21500
11/10/2015,ASGR,1715,1735,1715,1725,148600
11/9/2015,ASGR,1675,1715,1660,1715,9500
11/13/2015,ASII,6550,6650,6550,6600,19602400
11/12/2015,ASII,6775,6775,6600,6600,27539100
11/11/2015,ASII,6500,6850,6475,6775,39828900
11/10/2015,ASII,6350,6600,6325,6500,34184400
11/9/2015,ASII,6550,6550,6325,6425,49587900
11/13/2015,ASJT,170,170,170,170,764000
11/12/2015,ASJT,170,170,170,170,120200
11/11/2015,ASJT,155,160,155,160,602500
11/10/2015,ASJT,160,160,160,160,100000
11/9/2015,ASJT,170,170,160,160,73100
11/13/2015,ASRI,350,355,341,342,49918000
11/12/2015,ASRI,350,358,346,354,55395000
11/11/2015,ASRI,364,367,350,350,66698900
11/10/2015,ASRI,357,372,353,359,92343600
11/9/2015,ASRI,378,379,363,363,90372400
11/13/2015,ACST,4000,4000,3900,3900,4700
11/12/2015,ACST,3950,4020,3950,4000,302300
11/11/2015,ACST,3995,3995,3995,3995,0
11/10/2015,ACST,3995,3995,3995,3995,20900
11/9/2015,ACST,4000,4000,4000,4000,5100
11/13/2015,AHAP,170,170,170,170,0
11/12/2015,AHAP,180,180,170,170,11000
11/11/2015,AHAP,180,180,180,180,0
11/10/2015,AHAP,156,180,156,180,2900
11/9/2015,AHAP,173,173,173,173,0
11/13/2015,ASRM,2400,2400,2400,2400,0
11/12/2015,ASRM,2400,2400,2400,2400,3900
11/11/2015,ASRM,2350,2350,2350,2350,0
11/10/2015,ASRM,2350,2350,2350,2350,0
11/9/2015,ASRM,2350,2350,2350,2350,0
11/13/2015,ASSA,109,111,108,110,60100
11/12/2015,ASSA,108,112,108,112,207800
11/11/2015,ASSA,109,112,108,112,48800
11/10/2015,ASSA,107,113,106,113,184200
11/9/2015,ASSA,111,111,105,111,97700
11/13/2015,ADHI,2225,2260,2210,2210,20999000
11/12/2015,ADHI,2225,2290,2205,2260,31725900
11/11/2015,ADHI,2250,2250,2205,2225,14650700
11/10/2015,ADHI,2140,2250,2105,2225,33784000
11/9/2015,ADHI,2245,2255,2160,2165,33161500
11/13/2015,ATPK,194,194,194,194,0
11/12/2015,ATPK,194,194,194,194,0
11/11/2015,ATPK,194,194,194,194,0
11/10/2015,ATPK,194,194,194,194,0
11/9/2015,ATPK,194,194,194,194,0
11/13/2015,AUTO,1625,1645,1610,1640,641100
11/12/2015,AUTO,1640,1670,1610,1635,717300
11/11/2015,AUTO,1700,1700,1610,1630,4277500
11/10/2015,AUTO,1710,1710,1685,1700,64900
11/9/2015,AUTO,1760,1760,1715,1720,136600
11/13/2015,AKPI,800,800,800,800,0
11/12/2015,AKPI,800,800,800,800,0
11/11/2015,AKPI,800,800,800,800,0
11/10/2015,AKPI,800,800,800,800,0
11/9/2015,AKPI,800,800,800,800,0
11/13/2015,ACES,740,740,725,735,2764900
11/12/2015,ACES,725,760,715,745,12150700
11/11/2015,ACES,760,760,705,725,22434500
11/10/2015,ACES,665,765,660,760,37839900
11/9/2015,ACES,675,690,660,675,9746400
11/13/2015,ABMM,2600,2600,2405,2600,45100
11/12/2015,ABMM,2625,2625,2625,2625,0
11/11/2015,ABMM,2625,2625,2625,2625,100
11/10/2015,ABMM,2420,2725,2420,2725,98000
11/9/2015,ABMM,2645,2645,2645,2645,300500
11/13/2015,BABP,70,70,69,70,1471300
11/12/2015,BABP,70,71,69,69,614100
11/11/2015,BABP,69,71,69,70,1503800
11/10/2015,BABP,70,71,69,69,3365100
11/9/2015,BABP,71,71,69,70,2461900
11/13/2015,BACA,152,152,152,152,100
11/12/2015,BACA,146,146,146,146,2500000
11/11/2015,BACA,146,146,132,146,16400
11/10/2015,BACA,151,151,146,146,300
11/9/2015,BACA,159,159,149,153,10800
11/13/2015,BAJA,93,94,92,92,134500
11/12/2015,BAJA,107,107,91,93,413200
11/11/2015,BAJA,97,97,92,93,554600
11/10/2015,BAJA,98,98,94,97,342600
11/9/2015,BAJA,102,103,93,93,389200
11/13/2015,BAPA,50,50,50,50,0
11/12/2015,BAPA,50,50,50,50,6000
11/11/2015,BAPA,50,50,50,50,0
11/10/2015,BAPA,50,50,50,50,0
11/9/2015,BAPA,50,50,50,50,0
11/13/2015,BATA,1020,1020,1020,1020,0
11/12/2015,BATA,1020,1020,1020,1020,200
11/11/2015,BATA,1050,1050,1050,1050,0
11/10/2015,BATA,1050,1050,1050,1050,0
11/9/2015,BATA,1050,1050,1050,1050,0
11/13/2015,BAYU,820,820,820,820,0
11/12/2015,BAYU,820,820,820,820,0
11/11/2015,BAYU,820,820,820,820,500
11/10/2015,BAYU,910,910,910,910,0
11/9/2015,BAYU,910,910,910,910,0
11/13/2015,BBCA,12900,13025,12900,12925,7821300
11/12/2015,BBCA,12975,13300,12975,12975,5399300
11/11/2015,BBCA,12950,13125,12925,12975,8659600
11/10/2015,BBCA,13000,13250,12925,12925,13627400
11/9/2015,BBCA,13500,13500,13025,13125,7471600
11/13/2015,BBKP,685,695,675,690,2573200
11/12/2015,BBKP,670,685,670,685,1020000
11/11/2015,BBKP,670,670,665,670,1615100
11/10/2015,BBKP,680,680,670,675,1986400
11/9/2015,BBKP,680,685,670,675,1742700
11/13/2015,BBLD,1110,1110,1110,1110,0
11/12/2015,BBLD,1110,1110,1110,1110,0
11/11/2015,BBLD,1110,1110,1110,1110,0
11/10/2015,BBLD,1110,1110,1110,1110,0
11/9/2015,BBLD,1110,1110,1110,1110,0
11/13/2015,BBMD,1560,1560,1560,1560,0
11/12/2015,BBMD,1560,1560,1560,1560,0
11/11/2015,BBMD,1560,1560,1560,1560,0
11/10/2015,BBMD,1560,1560,1560,1560,0
11/9/2015,BBMD,1560,1560,1560,1560,0
11/13/2015,BBNI,4945,4965,4805,4840,24413000
11/12/2015,BBNI,4810,4985,4805,4960,19140400
11/11/2015,BBNI,4850,4850,4800,4800,12121800
11/10/2015,BBNI,4780,4920,4760,4830,15329100
11/9/2015,BBNI,4865,4915,4785,4875,17430400
11/13/2015,BBNP,1860,1860,1860,1860,0
11/12/2015,BBNP,1860,1860,1860,1860,0
11/11/2015,BBNP,1860,1860,1860,1860,0
11/10/2015,BBNP,1860,1860,1860,1860,200
11/9/2015,BBNP,1860,1860,1860,1860,0
11/13/2015,BBRI,10475,10675,10450,10525,16690500
11/12/2015,BBRI,10450,10650,10450,10525,19437100
11/11/2015,BBRI,10400,10550,10275,10475,16609400
11/10/2015,BBRI,10400,10650,10350,10450,20508400
11/9/2015,BBRI,10700,10750,10550,10575,11058100
11/13/2015,BBRM,50,50,50,50,1100
11/12/2015,BBRM,51,51,50,50,110500
11/11/2015,BBRM,51,51,50,50,10500
11/10/2015,BBRM,50,51,50,51,360100
11/9/2015,BBRM,50,55,50,50,1045900
11/13/2015,BBTN,1185,1210,1170,1190,24626000
11/12/2015,BBTN,1125,1205,1125,1195,39197500
11/11/2015,BBTN,1110,1125,1105,1120,10326600
11/10/2015,BBTN,1100,1130,1085,1120,7935900
11/9/2015,BBTN,1145,1145,1105,1110,14379500
11/13/2015,BCAP,1460,1460,1420,1420,7700
11/12/2015,BCAP,1460,1460,1435,1455,24800
11/11/2015,BCAP,1450,1455,1430,1455,42100
11/10/2015,BCAP,1460,1460,1400,1450,74700
11/9/2015,BCAP,1460,1460,1460,1460,700
11/13/2015,BCIP,855,860,850,860,18778000
11/12/2015,BCIP,845,855,845,855,15638400
11/11/2015,BCIP,850,850,840,840,13890800
11/10/2015,BCIP,845,855,840,850,17359000
11/9/2015,BCIP,855,865,835,845,17467400
11/13/2015,BDMN,2750,2810,2725,2770,1517400
11/12/2015,BDMN,2800,2840,2750,2750,2500600
11/11/2015,BDMN,2805,2850,2720,2810,2630200
11/10/2015,BDMN,2870,2905,2805,2805,2563700
11/9/2015,BDMN,2975,2975,2845,2870,1685600
11/13/2015,BEKS,63,63,58,59,124300
11/12/2015,BEKS,57,57,57,57,8000
11/11/2015,BEKS,56,57,54,57,67400
11/10/2015,BEKS,59,59,55,55,171300
11/9/2015,BEKS,61,61,55,55,122000
11/13/2015,BEST,377,379,360,361,9037500
11/12/2015,BEST,388,397,376,377,38683200
11/11/2015,BEST,395,396,384,388,12078800
11/10/2015,BEST,382,399,375,390,29863900
11/9/2015,BEST,380,400,378,388,51075000
11/13/2015,BFIN,2610,2610,2610,2610,0
11/12/2015,BFIN,2610,2610,2610,2610,0
11/11/2015,BFIN,2600,2650,2600,2610,53400
11/10/2015,BFIN,2600,2600,2400,2500,31700
11/9/2015,BFIN,2600,2600,2600,2600,0
11/13/2015,BHIT,187,191,186,190,1904900
11/12/2015,BHIT,190,191,188,190,592900
11/11/2015,BHIT,196,196,187,190,6729500
11/10/2015,BHIT,201,201,195,196,2789500
11/9/2015,BHIT,205,205,200,201,1104500
11/13/2015,BIMA,455,455,455,455,0
11/12/2015,BIMA,455,455,455,455,0
11/11/2015,BIMA,455,455,455,455,0
11/10/2015,BIMA,455,455,455,455,0
11/9/2015,BIMA,455,455,455,455,0
11/13/2015,BIPI,70,71,69,69,156341000
11/12/2015,BIPI,72,72,70,70,52297200
11/11/2015,BIPI,73,73,70,71,145032500
11/10/2015,BIPI,71,73,70,71,114965700
11/9/2015,BIPI,71,72,70,71,103109800
11/13/2015,BIPP,85,89,85,87,106900
11/12/2015,BIPP,87,88,85,85,10200
11/11/2015,BIPP,83,85,81,83,291800
11/10/2015,BIPP,99,99,82,83,707500
11/9/2015,BIPP,86,86,85,85,169500
11/13/2015,BISI,1375,1390,1315,1320,1845700
11/12/2015,BISI,1405,1440,1405,1410,1410300
11/11/2015,BISI,1400,1420,1375,1400,1043100
11/10/2015,BISI,1485,1495,1405,1405,1576900
11/9/2015,BISI,1410,1505,1360,1480,3886700
11/13/2015,BJBR,745,745,720,720,18262900
11/12/2015,BJBR,745,760,745,755,7245400
11/11/2015,BJBR,760,765,745,745,5466100
11/10/2015,BJBR,750,765,745,755,3815900
11/9/2015,BJBR,770,770,745,760,7306500
11/13/2015,BJTM,444,444,435,444,1549200
11/12/2015,BJTM,441,448,440,444,393900
11/11/2015,BJTM,449,449,441,445,6330900
11/10/2015,BJTM,453,453,447,447,2095000
11/9/2015,BJTM,450,461,446,461,1968500
11/13/2015,BKDP,85,85,85,85,0
11/12/2015,BKDP,85,85,85,85,200
11/11/2015,BKDP,90,90,90,90,0
11/10/2015,BKDP,90,90,90,90,0
11/9/2015,BKDP,90,90,90,90,25500
11/13/2015,BKSL,71,71,70,70,9711500
11/12/2015,BKSL,71,72,70,71,8105300
11/11/2015,BKSL,72,73,70,71,25125900
11/10/2015,BKSL,70,74,70,71,49792800
11/9/2015,BKSL,73,73,70,70,18803600
11/13/2015,BKSW,299,322,299,322,14400
11/12/2015,BKSW,324,324,324,324,10000
11/11/2015,BKSW,300,324,290,324,1400
11/10/2015,BKSW,300,300,300,300,15900
11/9/2015,BKSW,329,329,329,329,0
11/13/2015,BMAS,360,360,360,360,0
11/12/2015,BMAS,360,360,360,360,0
11/11/2015,BMAS,360,360,360,360,0
11/10/2015,BMAS,360,360,360,360,0
11/9/2015,BMAS,360,360,360,360,0
11/13/2015,BMRI,8300,8675,8275,8675,21516600
11/12/2015,BMRI,8175,8450,8175,8375,25370300
11/11/2015,BMRI,8325,8350,8150,8175,30728000
11/10/2015,BMRI,8525,8700,8400,8400,30533000
11/9/2015,BMRI,8800,8900,8700,8700,16501300
11/13/2015,BMSR,255,255,255,255,0
11/12/2015,BMSR,255,255,255,255,0
11/11/2015,BMSR,255,255,255,255,0
11/10/2015,BMSR,255,255,255,255,0
11/9/2015,BMSR,255,255,255,255,0
11/13/2015,BMTR,840,865,840,860,11010900
11/12/2015,BMTR,860,865,835,855,7864000
11/11/2015,BMTR,865,890,855,855,4170300
11/10/2015,BMTR,910,915,860,860,5737400
11/9/2015,BMTR,895,920,880,920,4662900
11/13/2015,BNBA,189,190,189,190,200000
11/12/2015,BNBA,185,185,185,185,7000
11/11/2015,BNBA,187,187,187,187,0
11/10/2015,BNBA,178,188,178,187,1684200
11/9/2015,BNBA,175,180,175,180,2158000
11/13/2015,BNBR,50,50,50,50,0
11/12/2015,BNBR,50,50,50,50,0
11/11/2015,BNBR,50,50,50,50,200
11/10/2015,BNBR,50,50,50,50,0
11/9/2015,BNBR,50,50,50,50,0
11/13/2015,BNGA,630,660,600,610,125800
11/12/2015,BNGA,660,660,595,615,251400
11/11/2015,BNGA,680,680,645,660,3600
11/10/2015,BNGA,630,685,625,650,68300
11/9/2015,BNGA,650,655,605,630,60800
11/13/2015,BNII,183,183,176,176,64100
11/12/2015,BNII,183,183,178,179,67900
11/11/2015,BNII,179,182,175,178,446000
11/10/2015,BNII,170,179,170,178,130200
11/9/2015,BNII,172,183,172,174,934300
11/13/2015,BNLI,1055,1120,1055,1115,30300
11/12/2015,BNLI,1120,1120,1120,1120,0
11/11/2015,BNLI,1100,1120,1100,1120,600
11/10/2015,BNLI,1040,1120,1040,1120,1500
11/9/2015,BNLI,1120,1120,1030,1120,23000
11/13/2015,BORN,50,50,50,50,0
11/12/2015,BORN,50,50,50,50,0
11/11/2015,BORN,50,50,50,50,0
11/10/2015,BORN,50,50,50,50,0
11/9/2015,BORN,50,50,50,50,0
11/13/2015,BPFI,600,600,600,600,0
11/12/2015,BPFI,600,600,600,600,0
11/11/2015,BPFI,600,600,600,600,0
11/10/2015,BPFI,600,600,600,600,0
11/9/2015,BPFI,600,600,600,600,0
11/13/2015,BRAM,4680,4680,4680,4680,0
11/12/2015,BRAM,4680,4680,4680,4680,0
11/11/2015,BRAM,4680,4680,4680,4680,0
11/10/2015,BRAM,4680,4680,4680,4680,0
11/9/2015,BRAM,4680,4680,4680,4680,600
11/13/2015,BRAU,82,82,82,82,0
11/12/2015,BRAU,82,82,82,82,0
11/11/2015,BRAU,82,82,82,82,0
11/10/2015,BRAU,82,82,82,82,0
11/9/2015,BRAU,82,82,82,82,0
11/13/2015,BRMS,50,50,50,50,372600
11/12/2015,BRMS,50,50,50,50,229800
11/11/2015,BRMS,50,50,50,50,197600
11/10/2015,BRMS,50,50,50,50,412500
11/9/2015,BRMS,50,50,50,50,4027800
11/13/2015,BRNA,650,650,650,650,16500
11/12/2015,BRNA,645,645,645,645,21000
11/11/2015,BRNA,620,645,620,645,6300
11/10/2015,BRNA,630,650,630,650,42000
11/9/2015,BRNA,650,650,650,650,0
11/13/2015,BRPT,135,143,135,136,6718400
11/12/2015,BRPT,124,137,124,135,3504000
11/11/2015,BRPT,122,122,120,120,270000
11/10/2015,BRPT,122,125,122,122,200100
11/9/2015,BRPT,130,130,125,125,647000
11/13/2015,BSDE,1630,1690,1625,1650,9459800
11/12/2015,BSDE,1625,1700,1625,1670,15566900
11/11/2015,BSDE,1625,1680,1615,1640,11594500
11/10/2015,BSDE,1610,1680,1590,1640,16570700
11/9/2015,BSDE,1655,1710,1635,1645,6321700
11/13/2015,BSIM,487,487,455,479,23300
11/12/2015,BSIM,485,485,452,485,4749500
11/11/2015,BSIM,485,485,485,485,1000000
11/10/2015,BSIM,485,485,485,485,1000700
11/9/2015,BSIM,485,485,485,485,1573100
11/13/2015,BSSR,1090,1090,1090,1090,0
11/12/2015,BSSR,1090,1090,1090,1090,0
11/11/2015,BSSR,1090,1090,1090,1090,0
11/10/2015,BSSR,1090,1090,1090,1090,300
11/9/2015,BSSR,1095,1095,1095,1095,0
11/13/2015,BSWD,4330,4330,4330,4330,0
11/12/2015,BSWD,4330,4330,4330,4330,0
11/11/2015,BSWD,4330,4330,4330,4330,0
11/10/2015,BSWD,4330,4330,4330,4330,3700
11/9/2015,BSWD,4330,4330,4330,4330,0
11/13/2015,BTEK,1470,1490,1385,1410,33624800
11/12/2015,BTEK,1430,1495,1430,1430,15960800
11/11/2015,BTEK,1415,1485,1415,1425,31574800
11/10/2015,BTEK,1470,1490,1410,1415,29485500
11/9/2015,BTEK,1495,1500,1380,1405,26016500
11/13/2015,BTEL,50,50,50,50,0
11/12/2015,BTEL,50,50,50,50,0
11/11/2015,BTEL,50,50,50,50,0
11/10/2015,BTEL,50,50,50,50,0
11/9/2015,BTEL,50,50,50,50,0
11/13/2015,BTON,460,460,440,460,4700
11/12/2015,BTON,460,460,460,460,0
11/11/2015,BTON,460,460,460,460,100
11/10/2015,BTON,475,475,451,451,300
11/9/2015,BTON,468,468,468,468,0
11/13/2015,BTPN,2615,2615,2615,2615,0
11/12/2015,BTPN,2615,2630,2615,2615,35100
11/11/2015,BTPN,2720,2730,2610,2615,27000
11/10/2015,BTPN,2790,2795,2700,2705,1000
11/9/2015,BTPN,2800,2845,2800,2800,6600
11/13/2015,BUDI,67,67,65,66,131800
11/12/2015,BUDI,70,70,67,67,110400
11/11/2015,BUDI,68,69,66,66,243600
11/10/2015,BUDI,71,71,68,68,146700
11/9/2015,BUDI,72,72,69,69,26600
11/13/2015,BULL,74,74,72,72,72900
11/12/2015,BULL,75,75,71,71,94500
11/11/2015,BULL,74,75,71,71,186800
11/10/2015,BULL,74,76,70,70,872900
11/9/2015,BULL,77,77,75,75,650700
11/13/2015,BUMI,50,50,50,50,1342800
11/12/2015,BUMI,50,50,50,50,450700
11/11/2015,BUMI,50,50,50,50,505800
11/10/2015,BUMI,50,50,50,50,2280600
11/9/2015,BUMI,50,50,50,50,12717400
11/13/2015,BUVA,600,600,600,600,0
11/12/2015,BUVA,600,600,600,600,0
11/11/2015,BUVA,600,600,600,600,2000
11/10/2015,BUVA,585,585,585,585,0
11/9/2015,BUVA,585,585,585,585,0
11/13/2015,BVIC,102,102,96,96,2000
11/12/2015,BVIC,105,105,97,102,5200
11/11/2015,BVIC,90,105,90,97,234800
11/10/2015,BVIC,105,105,97,97,10200
11/9/2015,BVIC,103,103,97,102,95200
11/13/2015,BWPT,203,207,186,189,33038400
11/12/2015,BWPT,206,215,201,205,36285900
11/11/2015,BWPT,218,220,205,205,41632800
11/10/2015,BWPT,220,227,216,218,15449100
11/9/2015,BWPT,232,232,210,220,25169700
11/13/2015,BYAN,8050,8050,8050,8050,2000
11/12/2015,BYAN,8000,8000,8000,8000,2000
11/11/2015,BYAN,8200,8200,7900,7900,4100
11/10/2015,BYAN,8150,8150,8150,8150,0
11/9/2015,BYAN,8150,8150,8150,8150,3000
11/13/2015,CASS,1350,1350,1350,1350,0
11/12/2015,CASS,1350,1350,1350,1350,0
11/11/2015,CASS,1200,1350,1200,1350,400
11/10/2015,CASS,1200,1200,1200,1200,0
11/9/2015,CASS,1200,1200,1200,1200,1500
11/13/2015,CEKA,680,680,680,680,6000
11/12/2015,CEKA,670,680,665,680,6200
11/11/2015,CEKA,680,680,635,680,22900
11/10/2015,CEKA,680,690,680,690,29100
11/9/2015,CEKA,660,685,660,685,16900
11/13/2015,CENT,149,149,149,149,0
11/12/2015,CENT,149,149,149,149,0
11/11/2015,CENT,140,149,140,149,400
11/10/2015,CENT,155,155,155,155,0
11/9/2015,CENT,155,155,155,155,0
11/13/2015,CFIN,265,265,265,265,450000
11/12/2015,CFIN,265,265,265,265,120000
11/11/2015,CFIN,256,265,256,265,2338800
11/10/2015,CFIN,265,265,265,265,135000
11/9/2015,CFIN,279,280,272,272,14600
11/13/2015,CITA,940,940,940,940,0
11/12/2015,CITA,940,940,940,940,0
11/11/2015,CITA,940,940,940,940,0
11/10/2015,CITA,940,940,940,940,0
11/9/2015,CITA,940,940,940,940,0
11/13/2015,CKRA,50,50,50,50,24000
11/12/2015,CKRA,50,51,50,51,774600
11/11/2015,CKRA,50,51,50,50,159200
11/10/2015,CKRA,50,51,50,50,1934400
11/9/2015,CKRA,57,57,53,53,1350200
11/13/2015,CLPI,640,645,640,645,400
11/12/2015,CLPI,645,650,645,645,3200
11/11/2015,CLPI,635,645,635,645,6200
11/10/2015,CLPI,635,635,635,635,155300
11/9/2015,CLPI,630,640,625,635,8100
11/13/2015,CMNP,1610,1665,1605,1665,4200
11/12/2015,CMNP,1710,1710,1710,1710,0
11/11/2015,CMNP,1710,1710,1710,1710,1000
11/10/2015,CMNP,1710,1710,1710,1710,0
11/9/2015,CMNP,1695,1710,1695,1710,1200
11/13/2015,CMPP,124,124,124,124,0
11/12/2015,CMPP,124,124,124,124,100
11/11/2015,CMPP,116,116,116,116,0
11/10/2015,CMPP,116,116,116,116,0
11/9/2015,CMPP,116,116,116,116,0
11/13/2015,CNKO,50,50,50,50,6100
11/12/2015,CNKO,50,50,50,50,53400
11/11/2015,CNKO,50,50,50,50,1000
11/10/2015,CNKO,50,50,50,50,60000
11/9/2015,CNKO,50,50,50,50,100
11/13/2015,COWL,595,600,595,600,1135100
11/12/2015,COWL,600,600,600,600,1089700
11/11/2015,COWL,600,600,600,600,1095700
11/10/2015,COWL,595,600,595,600,1077400
11/9/2015,COWL,605,605,600,600,1118400
11/13/2015,CPGT,50,50,50,50,1000
11/12/2015,CPGT,50,50,50,50,7200
11/11/2015,CPGT,50,50,50,50,600
11/10/2015,CPGT,50,50,50,50,1000
11/9/2015,CPGT,50,50,50,50,1000
11/13/2015,CPIN,2650,2790,2635,2725,6257400
11/12/2015,CPIN,2700,2745,2680,2705,5054700
11/11/2015,CPIN,2455,2735,2410,2675,8317800
11/10/2015,CPIN,2610,2615,2450,2450,4697400
11/9/2015,CPIN,2650,2650,2600,2630,2209400
11/13/2015,CPRO,50,50,50,50,0
11/12/2015,CPRO,50,50,50,50,500
11/11/2015,CPRO,50,50,50,50,8100
11/10/2015,CPRO,50,50,50,50,400
11/9/2015,CPRO,50,50,50,50,800
11/13/2015,CSAP,364,368,364,368,10374600
11/12/2015,CSAP,360,369,360,367,10060300
11/11/2015,CSAP,351,363,351,360,10438600
11/10/2015,CSAP,332,351,332,351,7346800
11/9/2015,CSAP,357,357,340,340,6798200
11/13/2015,CTBN,5225,5225,5225,5225,0
11/12/2015,CTBN,5225,5225,5225,5225,0
11/11/2015,CTBN,5225,5225,5225,5225,0
11/10/2015,CTBN,5225,5225,5225,5225,0
11/9/2015,CTBN,5225,5225,5225,5225,0
11/13/2015,CTRA,1290,1365,1285,1300,12470300
11/12/2015,CTRA,1270,1330,1265,1325,13131400
11/11/2015,CTRA,1245,1300,1215,1250,11185500
11/10/2015,CTRA,1170,1290,1145,1245,15075200
11/9/2015,CTRA,1295,1295,1160,1190,24339600
11/13/2015,CTRP,498,505,487,495,8430900
11/12/2015,CTRP,505,515,495,505,7701100
11/11/2015,CTRP,505,515,488,500,6268700
11/10/2015,CTRP,510,535,500,505,12150900
11/9/2015,CTRP,540,545,505,515,5503600
11/13/2015,CTRS,2450,2480,2360,2405,186200
11/12/2015,CTRS,2400,2485,2400,2485,574800
11/11/2015,CTRS,2420,2420,2330,2335,268600
11/10/2015,CTRS,2500,2500,2410,2460,193600
11/9/2015,CTRS,2525,2550,2465,2500,242000
11/13/2015,CTTH,55,55,54,54,20100
11/12/2015,CTTH,59,59,54,54,200
11/11/2015,CTTH,55,55,53,54,7000
11/10/2015,CTTH,59,59,52,54,48200
11/9/2015,CTTH,54,54,54,54,51000
11/13/2015,DART,530,530,530,530,100
11/12/2015,DART,530,530,530,530,200
11/11/2015,DART,545,545,493,493,4700
11/10/2015,DART,545,545,545,545,100
11/9/2015,DART,477,477,477,477,11700
11/13/2015,DEFI,1405,1405,1405,1405,0
11/12/2015,DEFI,1405,1405,1405,1405,0
11/11/2015,DEFI,1405,1405,1405,1405,0
11/10/2015,DEFI,1405,1405,1405,1405,0
11/9/2015,DEFI,1405,1405,1405,1405,0
11/13/2015,DEWA,50,50,50,50,0
11/12/2015,DEWA,50,50,50,50,0
11/11/2015,DEWA,50,50,50,50,0
11/10/2015,DEWA,50,50,50,50,0
11/9/2015,DEWA,50,50,50,50,10000
11/13/2015,DGIK,81,81,78,79,770000
11/12/2015,DGIK,78,83,78,82,3525000
11/11/2015,DGIK,72,81,72,78,3229500
11/10/2015,DGIK,74,78,73,73,465300
11/9/2015,DGIK,77,77,74,76,455500
11/13/2015,DILD,497,505,495,499,27528800
11/12/2015,DILD,500,505,497,499,29963100
11/11/2015,DILD,497,499,492,499,20617500
11/10/2015,DILD,495,505,492,497,15587400
11/9/2015,DILD,510,510,497,499,11244700
11/13/2015,DKFT,397,397,397,397,0
11/12/2015,DKFT,397,397,397,397,0
11/11/2015,DKFT,397,397,397,397,0
11/10/2015,DKFT,397,397,397,397,0
11/9/2015,DKFT,397,397,397,397,0
11/13/2015,DNET,1125,1140,1125,1140,50100
11/12/2015,DNET,1120,1140,1120,1140,89800
11/11/2015,DNET,1140,1140,1120,1140,100600
11/10/2015,DNET,1140,1140,1140,1140,50100
11/9/2015,DNET,1130,1140,1130,1140,50500
11/13/2015,DOID,65,65,63,64,3257300
11/12/2015,DOID,66,66,64,66,4698600
11/11/2015,DOID,67,68,65,66,3326000
11/10/2015,DOID,66,67,65,67,1364900
11/9/2015,DOID,68,68,66,66,3238300
11/13/2015,DPNS,405,405,405,405,0
11/12/2015,DPNS,405,405,405,405,0
11/11/2015,DPNS,405,405,405,405,0
11/10/2015,DPNS,405,405,405,405,0
11/9/2015,DPNS,405,405,405,405,0
11/13/2015,DSFI,120,124,117,120,4935000
11/12/2015,DSFI,125,127,119,120,8742500
11/11/2015,DSFI,132,133,124,125,10677100
11/10/2015,DSFI,134,135,129,130,10939900
11/9/2015,DSFI,133,135,129,131,7778000
11/13/2015,DSNG,610,625,605,615,1139300
11/12/2015,DSNG,630,630,605,605,492200
11/11/2015,DSNG,615,630,600,620,739800
11/10/2015,DSNG,650,650,610,610,756500
11/9/2015,DSNG,610,630,610,630,1336700
11/13/2015,DSSA,12100,12100,12100,12100,0
11/12/2015,DSSA,12100,12100,12100,12100,0
11/11/2015,DSSA,12100,12100,12100,12100,0
11/10/2015,DSSA,12100,12100,12100,12100,0
11/9/2015,DSSA,12100,12100,12100,12100,0
11/13/2015,DUTI,6500,6500,6500,6500,0
11/12/2015,DUTI,6500,6500,6500,6500,0
11/11/2015,DUTI,6500,6500,6500,6500,0
11/10/2015,DUTI,6500,6500,6500,6500,0
11/9/2015,DUTI,6500,6500,6500,6500,100
11/13/2015,DVLA,1425,1425,1425,1425,0
11/12/2015,DVLA,1445,1445,1425,1425,22200
11/11/2015,DVLA,1425,1425,1425,1425,1000
11/10/2015,DVLA,1425,1425,1425,1425,0
11/9/2015,DVLA,1425,1425,1425,1425,0
11/13/2015,DYAN,64,65,62,64,1423300
11/12/2015,DYAN,66,67,64,65,6783200
11/11/2015,DYAN,64,68,64,64,1107000
11/10/2015,DYAN,65,65,64,65,1172300
11/9/2015,DYAN,65,66,65,65,882600
11/13/2015,ECII,745,820,745,745,320000
11/12/2015,ECII,825,900,825,825,265000
11/11/2015,ECII,920,920,915,915,6400
11/10/2015,ECII,920,1015,920,1015,1200
11/9/2015,ECII,1020,1020,1020,1020,0
11/13/2015,EKAD,409,411,409,411,54800
11/12/2015,EKAD,405,410,405,410,102200
11/11/2015,EKAD,400,412,400,412,100800
11/10/2015,EKAD,409,413,405,405,22700
11/9/2015,EKAD,411,412,400,409,172600
11/13/2015,ELSA,308,308,303,305,10689900
11/12/2015,ELSA,305,317,305,311,14332000
11/11/2015,ELSA,328,328,301,305,48178900
11/10/2015,ELSA,339,344,327,327,51993700
11/9/2015,ELSA,355,356,340,340,27925100
11/13/2015,ELTY,50,50,50,50,50300
11/12/2015,ELTY,50,50,50,50,1000
11/11/2015,ELTY,50,50,50,50,0
11/10/2015,ELTY,50,50,50,50,0
11/9/2015,ELTY,50,50,50,50,1000
11/13/2015,EMDE,145,145,133,142,280900
11/12/2015,EMDE,159,159,145,145,370300
11/11/2015,EMDE,161,161,159,159,65000
11/10/2015,EMDE,169,169,160,165,76300
11/9/2015,EMDE,169,169,161,164,40600
11/13/2015,EMTK,10200,10200,10200,10200,1200
11/12/2015,EMTK,9975,9975,9975,9975,0
11/11/2015,EMTK,9975,9975,9975,9975,0
11/10/2015,EMTK,9975,9975,9975,9975,0
11/9/2015,EMTK,9975,9975,9975,9975,100
11/13/2015,ENRG,50,50,50,50,608200
11/12/2015,ENRG,50,50,50,50,6625600
11/11/2015,ENRG,50,50,50,50,32400
11/10/2015,ENRG,50,50,50,50,5300
11/9/2015,ENRG,50,50,50,50,457000
11/13/2015,EPMT,2055,2055,2055,2055,0
11/12/2015,EPMT,2055,2055,2055,2055,0
11/11/2015,EPMT,2055,2055,2055,2055,0
11/10/2015,EPMT,2055,2055,2055,2055,0
11/9/2015,EPMT,2055,2055,2055,2055,0
11/13/2015,ERAA,570,605,560,585,7403700
11/12/2015,ERAA,570,580,550,575,13856700
11/11/2015,ERAA,595,595,565,570,4601700
11/10/2015,ERAA,590,595,580,585,7180900
11/9/2015,ERAA,605,615,590,595,7037800
11/13/2015,ERTX,750,840,750,800,4700
11/12/2015,ERTX,830,830,830,830,0
11/11/2015,ERTX,830,830,830,830,1200
11/10/2015,ERTX,885,885,885,885,0
11/9/2015,ERTX,830,885,830,885,3700
11/13/2015,ESSA,1930,1930,1930,1930,0
11/12/2015,ESSA,1930,1930,1930,1930,0
11/11/2015,ESSA,1930,1930,1930,1930,500
11/10/2015,ESSA,1900,1900,1900,1900,0
11/9/2015,ESSA,1900,1900,1900,1900,0
11/13/2015,ESTI,190,190,190,190,0
11/12/2015,ESTI,190,190,190,190,0
11/11/2015,ESTI,190,190,190,190,0
11/10/2015,ESTI,190,190,190,190,0
11/9/2015,ESTI,190,190,190,190,0
11/13/2015,ETWA,72,72,69,70,132800
11/12/2015,ETWA,74,74,74,74,8400
11/11/2015,ETWA,74,74,74,74,0
11/10/2015,ETWA,74,74,74,74,5000
11/9/2015,ETWA,73,73,73,73,0
11/13/2015,EXCL,3430,3450,3350,3350,2566400
11/12/2015,EXCL,3225,3740,3225,3500,3767700
11/11/2015,EXCL,3150,3220,3025,3150,2221600
11/10/2015,EXCL,3035,3245,2975,3145,3099200
11/9/2015,EXCL,3100,3110,2980,3035,2649900
11/13/2015,FAST,1110,1110,1110,1110,0
11/12/2015,FAST,1170,1170,1110,1110,3100
11/11/2015,FAST,1170,1170,1170,1170,100
11/10/2015,FAST,1120,1200,1120,1200,200
11/9/2015,FAST,1200,1200,1200,1200,100
11/13/2015,FASW,1255,1255,1250,1250,190300
11/12/2015,FASW,1225,1250,1220,1250,417900
11/11/2015,FASW,1200,1225,1200,1220,388800
11/10/2015,FASW,1125,1200,1125,1200,777100
11/9/2015,FASW,1130,1130,1125,1130,245200
11/13/2015,FISH,1600,1600,1600,1600,0
11/12/2015,FISH,1600,1600,1600,1600,0
11/11/2015,FISH,1600,1600,1600,1600,0
11/10/2015,FISH,1600,1600,1600,1600,0
11/9/2015,FISH,1600,1600,1600,1600,0
11/13/2015,FMII,395,400,395,400,850000
11/12/2015,FMII,390,395,390,395,1040000
11/11/2015,FMII,389,389,389,389,0
11/10/2015,FMII,389,389,389,389,0
11/9/2015,FMII,389,389,389,389,0
11/13/2015,FORU,650,680,650,670,13200
11/12/2015,FORU,690,690,690,690,100
11/11/2015,FORU,620,700,615,700,90900
11/10/2015,FORU,705,720,630,665,41200
11/9/2015,FORU,650,660,630,660,70100
11/13/2015,FPNI,89,89,89,89,0
11/12/2015,FPNI,89,89,89,89,0
11/11/2015,FPNI,89,89,89,89,0
11/10/2015,FPNI,89,89,89,89,1500
11/9/2015,FPNI,89,89,89,89,0
11/13/2015,FREN,50,50,50,50,500
11/12/2015,FREN,50,50,50,50,18400
11/11/2015,FREN,50,50,50,50,26300
11/10/2015,FREN,50,50,50,50,4900
11/9/2015,FREN,50,50,50,50,330300
11/13/2015,GAMA,50,50,50,50,10000
11/12/2015,GAMA,50,50,50,50,0
11/11/2015,GAMA,50,50,50,50,1000
11/10/2015,GAMA,50,50,50,50,51300
11/9/2015,GAMA,50,50,50,50,11500
11/13/2015,GDST,58,59,57,57,37800
11/12/2015,GDST,58,59,57,58,649000
11/11/2015,GDST,57,60,57,58,642500
11/10/2015,GDST,58,59,57,57,172500
11/9/2015,GDST,60,60,57,58,686900
11/13/2015,GDYR,2155,2155,2155,2155,100
11/12/2015,GDYR,1800,2000,1800,2000,6000
11/11/2015,GDYR,1750,1800,1750,1800,6000
11/10/2015,GDYR,1645,1650,1645,1650,1600
11/9/2015,GDYR,1630,1630,1630,1630,500
11/13/2015,GEMA,308,308,308,308,100
11/12/2015,GEMA,308,308,308,308,15800
11/11/2015,GEMA,308,308,308,308,2100
11/10/2015,GEMA,303,308,300,308,38800
11/9/2015,GEMA,309,309,309,309,36000
11/13/2015,GEMS,1500,1500,1500,1500,0
11/12/2015,GEMS,1500,1500,1500,1500,0
11/11/2015,GEMS,1500,1500,1500,1500,0
11/10/2015,GEMS,1500,1500,1500,1500,0
11/9/2015,GEMS,1500,1500,1500,1500,0
11/13/2015,GGRM,48500,49400,47500,47500,670200
11/12/2015,GGRM,47700,49250,47575,49000,1511000
11/11/2015,GGRM,46500,48400,46250,47000,1507500
11/10/2015,GGRM,47225,47500,46400,46400,1023600
11/9/2015,GGRM,48225,48225,46800,47475,1142700
11/13/2015,GIAA,304,307,301,303,12861300
11/12/2015,GIAA,307,310,305,306,15177000
11/11/2015,GIAA,307,309,304,305,10703000
11/10/2015,GIAA,305,313,302,306,14901700
11/9/2015,GIAA,318,319,305,308,25856300
11/13/2015,GJTL,575,585,575,575,649500
11/12/2015,GJTL,575,590,575,590,413800
11/11/2015,GJTL,585,585,570,575,762900
11/10/2015,GJTL,590,600,575,585,899100
11/9/2015,GJTL,600,605,580,590,301300
11/13/2015,GLOB,670,670,670,670,0
11/12/2015,GLOB,670,670,670,670,2000
11/11/2015,GLOB,695,695,695,695,0
11/10/2015,GLOB,695,725,695,695,4900
11/9/2015,GLOB,725,745,700,745,6700
11/13/2015,GMTD,7500,7500,7500,7500,0
11/12/2015,GMTD,7500,7500,7500,7500,0
11/11/2015,GMTD,7500,7500,7500,7500,100
11/10/2015,GMTD,7125,7125,7100,7100,7900
11/9/2015,GMTD,7475,7475,7475,7475,100
11/13/2015,GOLD,265,265,265,265,0
11/12/2015,GOLD,265,265,265,265,0
11/11/2015,GOLD,265,265,265,265,0
11/10/2015,GOLD,265,265,265,265,10000
11/9/2015,GOLD,265,265,265,265,0
11/13/2015,GPRA,219,222,199,200,42200
11/12/2015,GPRA,220,220,220,220,2500
11/11/2015,GPRA,219,219,219,219,500
11/10/2015,GPRA,223,223,223,223,0
11/9/2015,GPRA,223,223,223,223,600
11/13/2015,GREN,140,142,140,142,405000
11/12/2015,GREN,141,142,141,142,527900
11/11/2015,GREN,142,142,141,141,498700
11/10/2015,GREN,142,142,140,142,463100
11/9/2015,GREN,142,144,141,142,392100
11/13/2015,GSMF,120,120,108,119,5700
11/12/2015,GSMF,102,120,102,119,988500
11/11/2015,GSMF,101,103,101,102,190100
11/10/2015,GSMF,101,101,101,101,330400
11/9/2015,GSMF,99,99,99,99,100
11/13/2015,GTBO,260,260,260,260,0
11/12/2015,GTBO,260,260,260,260,0
11/11/2015,GTBO,260,260,260,260,0
11/10/2015,GTBO,260,260,260,260,0
11/9/2015,GTBO,260,260,260,260,0
11/13/2015,GWSA,110,110,96,96,94200
11/12/2015,GWSA,110,110,106,106,2400
11/11/2015,GWSA,95,117,95,117,50600
11/10/2015,GWSA,93,93,93,93,0
11/9/2015,GWSA,92,95,92,93,1500
11/13/2015,GZCO,80,83,80,80,12500
11/12/2015,GZCO,82,82,80,82,1588900
11/11/2015,GZCO,80,83,80,81,1210600
11/10/2015,GZCO,83,84,80,82,101200
11/9/2015,GZCO,83,83,80,83,294200
11/13/2015,HADE,50,50,50,50,1100
11/12/2015,HADE,50,50,50,50,0
11/11/2015,HADE,50,50,50,50,10000
11/10/2015,HADE,51,51,51,51,0
11/9/2015,HADE,51,51,51,51,0
11/13/2015,HDFA,219,219,219,219,0
11/12/2015,HDFA,219,219,219,219,0
11/11/2015,HDFA,219,219,219,219,0
11/10/2015,HDFA,219,219,219,219,0
11/9/2015,HDFA,219,219,219,219,0
11/13/2015,HDTX,940,950,940,950,390000
11/12/2015,HDTX,950,950,950,950,0
11/11/2015,HDTX,950,950,950,950,0
11/10/2015,HDTX,950,950,950,950,0
11/9/2015,HDTX,950,950,950,950,0
11/13/2015,HERO,1260,1260,1250,1250,400
11/12/2015,HERO,1305,1305,1300,1300,8400
11/11/2015,HERO,1400,1400,1305,1305,400
11/10/2015,HERO,1350,1350,1350,1350,2000
11/9/2015,HERO,1400,1400,1400,1400,4000
11/13/2015,HEXA,1700,1700,1700,1700,0
11/12/2015,HEXA,1700,1800,1700,1700,292100
11/11/2015,HEXA,1705,1705,1700,1700,2100
11/10/2015,HEXA,1730,1750,1720,1750,4100
11/9/2015,HEXA,1750,1750,1750,1750,1500
11/13/2015,HITS,725,725,725,725,0
11/12/2015,HITS,725,725,720,725,2700
11/11/2015,HITS,720,720,720,720,2800
11/10/2015,HITS,730,730,725,725,1400
11/9/2015,HITS,720,745,720,735,12100
11/13/2015,HMSP,95000,98025,93375,98025,702800
11/12/2015,HMSP,98000,98000,94000,94675,1165200
11/11/2015,HMSP,100300,100500,97000,97900,1272800
11/10/2015,HMSP,98000,100675,98000,100575,22532300
11/9/2015,HMSP,95300,98300,95300,97775,1974300
11/13/2015,HOME,200,202,200,202,300000
11/12/2015,HOME,203,203,203,203,0
11/11/2015,HOME,203,203,203,203,0
11/10/2015,HOME,200,204,200,203,13340000
11/9/2015,HOME,200,203,200,203,400000
11/13/2015,HOTL,133,136,125,136,1006800
11/12/2015,HOTL,134,138,134,138,419800
11/11/2015,HOTL,136,136,133,136,416100
11/10/2015,HOTL,133,134,125,129,926600
11/9/2015,HOTL,140,140,133,133,409700
11/13/2015,HRUM,750,795,750,790,442000
11/12/2015,HRUM,800,800,790,790,50700
11/11/2015,HRUM,795,815,790,795,415400
11/10/2015,HRUM,815,815,800,805,326300
11/9/2015,HRUM,825,835,810,815,549000
11/13/2015,IATA,50,50,50,50,200
11/12/2015,IATA,50,50,50,50,0
11/11/2015,IATA,50,50,50,50,10000
11/10/2015,IATA,50,50,50,50,300300
11/9/2015,IATA,50,50,50,50,10700
11/13/2015,IBST,2100,2100,2100,2100,0
11/12/2015,IBST,2100,2100,2100,2100,0
11/11/2015,IBST,2100,2100,2100,2100,0
11/10/2015,IBST,2100,2100,2100,2100,0
11/9/2015,IBST,2100,2100,2100,2100,0
11/13/2015,ICBP,12325,12475,12150,12400,2577500
11/12/2015,ICBP,12500,12750,12500,12500,2171900
11/11/2015,ICBP,12525,12625,12500,12525,1957000
11/10/2015,ICBP,12750,12800,12525,12525,3362600
11/9/2015,ICBP,12950,12950,12800,12900,2912900
11/13/2015,ICON,479,479,479,479,0
11/12/2015,ICON,479,479,479,479,0
11/11/2015,ICON,479,479,479,479,0
11/10/2015,ICON,479,479,479,479,0
11/9/2015,ICON,479,479,479,479,0
11/13/2015,IGAR,277,277,267,267,10200
11/12/2015,IGAR,270,270,268,268,1500
11/11/2015,IGAR,277,277,277,277,200
11/10/2015,IGAR,271,271,268,270,56800
11/9/2015,IGAR,274,274,274,274,200
11/13/2015,IIKP,890,890,890,890,0
11/12/2015,IIKP,810,890,810,890,19100
11/11/2015,IIKP,900,900,900,900,4200
11/10/2015,IIKP,900,900,900,900,0
11/9/2015,IIKP,900,900,900,900,500
11/13/2015,IKAI,113,113,113,113,0
11/12/2015,IKAI,113,113,113,113,0
11/11/2015,IKAI,113,113,113,113,39100
11/10/2015,IKAI,112,112,103,112,79300
11/9/2015,IKAI,114,114,114,114,100
11/13/2015,IKBI,1040,1040,1040,1040,0
11/12/2015,IKBI,1040,1040,1040,1040,0
11/11/2015,IKBI,1040,1040,1040,1040,0
11/10/2015,IKBI,1040,1040,1040,1040,0
11/9/2015,IKBI,1040,1040,1040,1040,200
11/13/2015,IMAS,2750,2750,2650,2650,1600
11/12/2015,IMAS,2740,2750,2740,2750,1500
11/11/2015,IMAS,2745,2745,2745,2745,100
11/10/2015,IMAS,2750,2750,2750,2750,0
11/9/2015,IMAS,2750,2750,2750,2750,100
11/13/2015,INAF,178,180,169,177,8997400
11/12/2015,INAF,182,201,173,178,49057200
11/11/2015,INAF,163,187,160,180,38417400
11/10/2015,INAF,155,165,152,160,14821200
11/9/2015,INAF,155,160,148,155,11240500
11/13/2015,INAI,362,362,362,362,0
11/12/2015,INAI,362,362,362,362,5000
11/11/2015,INAI,365,365,362,362,37000
11/10/2015,INAI,362,363,362,363,20600
11/9/2015,INAI,364,379,362,379,49500
11/13/2015,INCI,285,285,285,285,1000
11/12/2015,INCI,290,290,290,290,0
11/11/2015,INCI,295,295,290,290,60300
11/10/2015,INCI,294,300,294,300,5600
11/9/2015,INCI,300,302,294,294,139700
11/13/2015,INCO,2000,2000,1835,1865,10497400
11/12/2015,INCO,2075,2095,2010,2015,4890900
11/11/2015,INCO,2145,2150,2075,2085,2161900
11/10/2015,INCO,2125,2175,2085,2135,2731800
11/9/2015,INCO,2250,2250,2140,2160,3938700
11/13/2015,INDF,5125,5250,5075,5175,5840300
11/12/2015,INDF,5175,5300,5175,5175,9933300
11/11/2015,INDF,5375,5375,5150,5250,7191000
11/10/2015,INDF,5500,5625,5375,5375,11669600
11/9/2015,INDF,5750,5800,5550,5550,6986000
11/13/2015,INDR,740,740,740,740,0
11/12/2015,INDR,785,785,740,740,300
11/11/2015,INDR,700,785,700,785,5700
11/10/2015,INDR,830,855,745,775,637400
11/9/2015,INDR,825,825,825,825,0
11/13/2015,INDS,358,358,331,340,245300
11/12/2015,INDS,357,359,349,349,137400
11/11/2015,INDS,352,358,349,349,145000
11/10/2015,INDS,355,365,350,353,26100
11/9/2015,INDS,372,373,353,357,281300
11/13/2015,INDX,128,133,128,131,80900
11/12/2015,INDX,141,150,125,128,722400
11/11/2015,INDX,143,153,128,135,1104600
11/10/2015,INDX,135,150,134,138,697400
11/9/2015,INDX,165,179,147,147,630600
11/13/2015,INDY,165,165,155,156,4300300
11/12/2015,INDY,168,170,166,167,634300
11/11/2015,INDY,170,176,167,167,2422500
11/10/2015,INDY,168,173,166,170,3478400
11/9/2015,INDY,174,174,166,168,1503200
11/13/2015,INKP,950,960,935,960,632900
11/12/2015,INKP,960,960,945,950,333000
11/11/2015,INKP,930,965,925,940,1541900
11/10/2015,INKP,990,990,935,945,1475300
11/9/2015,INKP,1000,1000,955,960,719000
11/13/2015,INPC,64,67,64,66,1605600
11/12/2015,INPC,64,65,64,64,120500
11/11/2015,INPC,65,65,63,64,175100
11/10/2015,INPC,65,65,65,65,100
11/9/2015,INPC,66,66,64,64,4200
11/13/2015,INPP,365,365,365,365,0
11/12/2015,INPP,365,365,365,365,0
11/11/2015,INPP,365,365,365,365,0
11/10/2015,INPP,365,365,365,365,0
11/9/2015,INPP,365,365,365,365,0
11/13/2015,INRU,280,280,280,280,0
11/12/2015,INRU,280,280,280,280,0
11/11/2015,INRU,280,280,280,280,0
11/10/2015,INRU,280,280,280,280,0
11/9/2015,INRU,280,280,280,280,0
11/13/2015,INTA,231,244,231,244,5100
11/12/2015,INTA,236,245,236,236,48200
11/11/2015,INTA,245,245,240,240,15000
11/10/2015,INTA,245,247,245,245,411500
11/9/2015,INTA,235,235,235,235,4700
11/13/2015,INTD,380,380,380,380,0
11/12/2015,INTD,380,380,380,380,0
11/11/2015,INTD,380,380,380,380,0
11/10/2015,INTD,380,380,380,380,0
11/9/2015,INTD,380,380,380,380,0
11/13/2015,INTP,18825,20100,18825,20000,2994400
11/12/2015,INTP,19500,19500,19025,19300,1317100
11/11/2015,INTP,18200,19350,18200,19350,3644300
11/10/2015,INTP,18200,19025,18100,18100,3294800
11/9/2015,INTP,19500,19750,18475,18475,2381200
11/13/2015,INVS,117,117,117,117,0
11/12/2015,INVS,117,117,117,117,0
11/11/2015,INVS,117,117,117,117,0
11/10/2015,INVS,117,117,117,117,0
11/9/2015,INVS,117,117,117,117,0
11/13/2015,IPOL,70,70,69,70,683700
11/12/2015,IPOL,71,71,70,70,115300
11/11/2015,IPOL,71,71,70,70,59500
11/10/2015,IPOL,72,72,69,70,402200
11/9/2015,IPOL,71,72,70,72,897700
11/13/2015,ISAT,4795,4825,4710,4825,332700
11/12/2015,ISAT,4815,4815,4695,4745,585700
11/11/2015,ISAT,4815,4855,4730,4815,254100
11/10/2015,ISAT,4550,4820,4550,4795,448100
11/9/2015,ISAT,4340,4575,4340,4550,742100
11/13/2015,ISSP,203,203,197,198,15516100
11/12/2015,ISSP,202,208,200,203,52878400
11/11/2015,ISSP,195,203,195,201,53159000
11/10/2015,ISSP,189,197,188,195,47169300
11/9/2015,ISSP,188,194,187,190,62515000
11/13/2015,ITMA,13900,13900,13900,13900,0
11/12/2015,ITMA,13900,13900,13900,13900,0
11/11/2015,ITMA,13900,13900,13900,13900,0
11/10/2015,ITMA,13900,13900,13900,13900,0
11/9/2015,ITMA,13900,13900,13900,13900,0
11/13/2015,ITMG,7650,7650,7150,7250,1139500
11/12/2015,ITMG,7625,7775,7625,7625,785600
11/11/2015,ITMG,7950,7975,7700,7700,1522400
11/10/2015,ITMG,8125,8250,7925,8050,1264100
11/9/2015,ITMG,8550,8575,8100,8125,1070100
11/13/2015,ITTG,82,82,82,82,0
11/12/2015,ITTG,82,82,82,82,0
11/11/2015,ITTG,82,82,82,82,0
11/10/2015,ITTG,82,82,82,82,0
11/9/2015,ITTG,82,82,82,82,0
11/13/2015,JAWA,205,205,185,185,56000
11/12/2015,JAWA,205,205,205,205,5000
11/11/2015,JAWA,200,200,200,200,1900
11/10/2015,JAWA,187,210,187,209,55400
11/9/2015,JAWA,205,220,205,205,91000
11/13/2015,JECC,1500,1500,1500,1500,0
11/12/2015,JECC,1500,1500,1500,1500,0
11/11/2015,JECC,1500,1500,1500,1500,0
11/10/2015,JECC,1500,1500,1500,1500,0
11/9/2015,JECC,1500,1500,1500,1500,0
11/13/2015,JIHD,560,595,550,595,6700
11/12/2015,JIHD,580,625,580,590,300
11/11/2015,JIHD,640,640,640,640,0
11/10/2015,JIHD,640,640,640,640,0
11/9/2015,JIHD,650,650,640,640,300
11/13/2015,JKON,820,820,820,820,0
11/12/2015,JKON,820,820,820,820,0
11/11/2015,JKON,820,820,820,820,0
11/10/2015,JKON,820,820,820,820,0
11/9/2015,JKON,820,820,820,820,0
11/13/2015,JKSW,80,80,80,80,0
11/12/2015,JKSW,77,80,77,80,2700
11/11/2015,JKSW,85,85,80,80,200
11/10/2015,JKSW,66,66,65,65,10000
11/9/2015,JKSW,65,65,65,65,100
11/13/2015,JPFA,434,440,417,417,2015100
11/12/2015,JPFA,439,444,432,433,1323000
11/11/2015,JPFA,436,455,420,437,5078300
11/10/2015,JPFA,450,458,435,435,2489600
11/9/2015,JPFA,480,480,453,458,2045500
11/13/2015,JPRS,137,138,136,137,550000
11/12/2015,JPRS,142,147,135,136,1893600
11/11/2015,JPRS,161,178,150,150,13267700
11/10/2015,JPRS,151,167,151,166,721500
11/9/2015,JPRS,155,159,150,151,335000
11/13/2015,JRPT,790,790,790,790,0
11/12/2015,JRPT,800,800,785,790,320700
11/11/2015,JRPT,800,800,800,800,7000
11/10/2015,JRPT,800,800,800,800,25000
11/9/2015,JRPT,820,820,800,800,206300
11/13/2015,JSMR,4890,4965,4875,4940,2773400
11/12/2015,JSMR,4900,4970,4885,4895,4440100
11/11/2015,JSMR,4915,4915,4865,4915,2458200
11/10/2015,JSMR,4950,4970,4905,4915,4448800
11/9/2015,JSMR,5050,5050,4960,4980,2033500
11/13/2015,JSPT,750,750,750,750,0
11/12/2015,JSPT,750,750,750,750,0
11/11/2015,JSPT,750,750,750,750,0
11/10/2015,JSPT,750,750,750,750,0
11/9/2015,JSPT,750,750,750,750,0
11/13/2015,JTPE,215,215,211,214,813200
11/12/2015,JTPE,215,216,210,215,1215800
11/11/2015,JTPE,213,216,209,216,827200
11/10/2015,JTPE,214,214,208,213,434400
11/9/2015,JTPE,214,214,211,214,179300
11/13/2015,KAEF,955,955,915,935,1919400
11/12/2015,KAEF,1015,1040,955,960,8736500
11/11/2015,KAEF,965,1050,950,1015,11362800
11/10/2015,KAEF,965,1000,945,980,8254000
11/9/2015,KAEF,945,975,905,965,8810500
11/13/2015,KARW,295,295,295,295,0
11/12/2015,KARW,295,295,295,295,0
11/11/2015,KARW,295,295,295,295,0
11/10/2015,KARW,295,295,295,295,0
11/9/2015,KARW,295,295,295,295,0
11/13/2015,KBLI,117,117,111,113,651500
11/12/2015,KBLI,120,120,111,117,378400
11/11/2015,KBLI,118,118,115,115,386200
11/10/2015,KBLI,120,123,118,119,623200
11/9/2015,KBLI,132,133,120,122,910100
11/13/2015,KBLM,134,134,134,134,0
11/12/2015,KBLM,134,134,134,134,0
11/11/2015,KBLM,134,134,134,134,5100
11/10/2015,KBLM,134,134,134,134,0
11/9/2015,KBLM,134,134,134,134,100
11/13/2015,KBLV,2090,2090,2090,2090,9000
11/12/2015,KBLV,2090,2090,2090,2090,0
11/11/2015,KBLV,2090,2090,2090,2090,1000
11/10/2015,KBLV,2100,2100,2100,2100,700
11/9/2015,KBLV,2100,2100,2100,2100,0
11/13/2015,KBRI,50,50,50,50,0
11/12/2015,KBRI,50,50,50,50,0
11/11/2015,KBRI,50,50,50,50,0
11/10/2015,KBRI,50,50,50,50,0
11/9/2015,KBRI,50,50,50,50,200
11/13/2015,KDSI,223,223,223,223,100
11/12/2015,KDSI,200,201,200,200,1288100
11/11/2015,KDSI,200,201,200,200,70400
11/10/2015,KDSI,201,201,200,200,17500
11/9/2015,KDSI,200,201,200,200,79100
11/13/2015,KIAS,102,115,96,100,21400
11/12/2015,KIAS,98,105,98,98,199000
11/11/2015,KIAS,99,108,98,108,10100
11/10/2015,KIAS,108,108,108,108,0
11/9/2015,KIAS,108,108,108,108,500
11/13/2015,KICI,268,268,268,268,0
11/12/2015,KICI,268,268,268,268,0
11/11/2015,KICI,268,268,268,268,100
11/10/2015,KICI,245,259,245,259,200
11/9/2015,KICI,260,260,260,260,0
11/13/2015,KIJA,227,231,220,223,50104300
11/12/2015,KIJA,228,241,228,230,69418100
11/11/2015,KIJA,229,232,224,228,30394000
11/10/2015,KIJA,233,241,227,229,53242400
11/9/2015,KIJA,241,241,231,236,30484100
11/13/2015,KKGI,645,645,645,645,300
11/12/2015,KKGI,645,645,580,580,37600
11/11/2015,KKGI,695,695,600,600,49400
11/10/2015,KKGI,700,700,620,665,3900
11/9/2015,KKGI,620,665,620,665,12300
11/13/2015,KLBF,1350,1370,1350,1355,27529500
11/12/2015,KLBF,1350,1375,1350,1350,49878700
11/11/2015,KLBF,1370,1375,1305,1340,50511000
11/10/2015,KLBF,1400,1420,1370,1370,48530500
11/9/2015,KLBF,1405,1440,1380,1440,28569700
11/13/2015,KOIN,260,260,260,260,0
11/12/2015,KOIN,260,260,260,260,0
11/11/2015,KOIN,260,260,260,260,0
11/10/2015,KOIN,260,260,260,260,0
11/9/2015,KOIN,260,260,260,260,0
11/13/2015,KONI,330,330,330,330,0
11/12/2015,KONI,330,330,330,330,0
11/11/2015,KONI,330,330,330,330,0
11/10/2015,KONI,330,330,330,330,0
11/9/2015,KONI,330,330,330,330,0
11/13/2015,KPIG,1340,1340,1280,1305,40800
11/12/2015,KPIG,1340,1340,1285,1325,36600
11/11/2015,KPIG,1340,1340,1330,1330,200
11/10/2015,KPIG,1355,1355,1310,1335,12900
11/9/2015,KPIG,1355,1355,1345,1350,33800
11/13/2015,KRAS,317,320,315,315,3657300
11/12/2015,KRAS,317,324,316,318,1852100
11/11/2015,KRAS,319,325,316,317,3448100
11/10/2015,KRAS,315,340,312,319,19648300
11/9/2015,KRAS,322,323,314,315,6328500
11/13/2015,KREN,2440,2485,2440,2475,4137000
11/12/2015,KREN,2435,2520,2410,2480,35692400
11/11/2015,KREN,2450,2460,2405,2440,4552300
11/10/2015,KREN,2400,2460,2400,2460,8534100
11/9/2015,KREN,2475,2475,2405,2435,5049600
11/13/2015,LAMI,289,289,272,287,20800
11/12/2015,LAMI,270,270,270,270,0
11/11/2015,LAMI,270,270,270,270,0
11/10/2015,LAMI,270,270,270,270,100
11/9/2015,LAMI,267,267,267,267,0
11/13/2015,LAPD,50,50,50,50,0
11/12/2015,LAPD,50,50,50,50,0
11/11/2015,LAPD,50,50,50,50,0
11/10/2015,LAPD,50,50,50,50,0
11/9/2015,LAPD,50,50,50,50,1000
11/13/2015,LCGP,500,500,498,500,57473900
11/12/2015,LCGP,510,510,499,500,16170500
11/11/2015,LCGP,500,510,497,510,21561100
11/10/2015,LCGP,510,510,496,505,24087700
11/9/2015,LCGP,505,510,498,510,21758500
11/13/2015,LION,1100,1100,1100,1100,0
11/12/2015,LION,1100,1100,1100,1100,0
11/11/2015,LION,1100,1100,1100,1100,0
11/10/2015,LION,1100,1100,1100,1100,0
11/9/2015,LION,1100,1100,1100,1100,0
11/13/2015,LMAS,50,50,50,50,0
11/12/2015,LMAS,50,50,50,50,0
11/11/2015,LMAS,50,50,50,50,0
11/10/2015,LMAS,50,50,50,50,0
11/9/2015,LMAS,50,50,50,50,0
11/13/2015,LMPI,130,130,121,126,482100
11/12/2015,LMPI,123,139,123,129,16586800
11/11/2015,LMPI,119,125,119,123,1963600
11/10/2015,LMPI,119,121,119,121,327700
11/9/2015,LMPI,119,119,117,119,134400
11/13/2015,LMSH,540,540,540,540,0
11/12/2015,LMSH,540,540,540,540,0
11/11/2015,LMSH,540,540,540,540,0
11/10/2015,LMSH,540,540,540,540,0
11/9/2015,LMSH,540,540,540,540,0
11/13/2015,LPCK,8150,8200,7925,8150,484500
11/12/2015,LPCK,8250,8300,8175,8200,385400
11/11/2015,LPCK,8175,8475,8075,8225,420900
11/10/2015,LPCK,8125,8300,7950,8150,347300
11/9/2015,LPCK,8300,8300,8100,8125,939500
11/13/2015,LPGI,5350,5350,5350,5350,100
11/12/2015,LPGI,5925,5925,5925,5925,0
11/11/2015,LPGI,5925,5925,5925,5925,0
11/10/2015,LPGI,5925,5925,5925,5925,0
11/9/2015,LPGI,5925,5925,5925,5925,0
11/13/2015,LPIN,5950,5950,5950,5950,0
11/12/2015,LPIN,5950,5950,5950,5950,0
11/11/2015,LPIN,5950,5950,5950,5950,0
11/10/2015,LPIN,5550,5950,5550,5950,200
11/9/2015,LPIN,5550,5550,5550,5550,100
11/13/2015,LPKR,1125,1145,1110,1125,27325200
11/12/2015,LPKR,1150,1170,1125,1135,52228900
11/11/2015,LPKR,1160,1185,1120,1150,83161000
11/10/2015,LPKR,1155,1220,1135,1155,127598100
11/9/2015,LPKR,1225,1230,1150,1160,28679600
11/13/2015,LPLI,250,266,245,250,286600
11/12/2015,LPLI,299,299,253,258,60100
11/11/2015,LPLI,300,300,266,280,16300
11/10/2015,LPLI,310,310,282,282,101300
11/9/2015,LPLI,336,336,310,310,70800
11/13/2015,LPPF,14900,15025,14650,14650,3376900
11/12/2015,LPPF,15000,15275,14925,15000,2799300
11/11/2015,LPPF,15200,15400,14925,14925,4145500
11/10/2015,LPPF,14800,15825,14800,15275,3889700
11/9/2015,LPPF,15600,15700,15200,15300,3751100
11/13/2015,LPPS,102,139,102,106,3900
11/12/2015,LPPS,111,111,111,111,190000
11/11/2015,LPPS,118,118,115,115,147600
11/10/2015,LPPS,119,126,118,126,47300
11/9/2015,LPPS,123,129,120,124,202500
11/13/2015,LSIP,1265,1275,1210,1215,24456300
11/12/2015,LSIP,1285,1310,1260,1285,36104700
11/11/2015,LSIP,1360,1375,1270,1280,26144600
11/10/2015,LSIP,1350,1390,1345,1365,11801400
11/9/2015,LSIP,1435,1435,1360,1365,20300800
11/13/2015,LTLS,535,535,530,530,850100
11/12/2015,LTLS,540,540,540,540,860000
11/11/2015,LTLS,550,550,540,540,573600
11/10/2015,LTLS,510,550,510,545,665700
11/9/2015,LTLS,510,510,510,510,0
11/13/2015,MAGP,50,50,50,50,200
11/12/2015,MAGP,50,50,50,50,32500
11/11/2015,MAGP,50,50,50,50,0
11/10/2015,MAGP,50,50,50,50,18300
11/9/2015,MAGP,50,50,50,50,0
11/13/2015,MAIN,1155,1180,1135,1165,368500
11/12/2015,MAIN,1120,1165,1115,1155,567400
11/11/2015,MAIN,1115,1160,1100,1150,617500
11/10/2015,MAIN,1135,1150,1105,1150,588300
11/9/2015,MAIN,1135,1165,1100,1140,583000
11/13/2015,MAMI,50,50,50,50,0
11/12/2015,MAMI,50,50,50,50,0
11/11/2015,MAMI,50,50,50,50,0
11/10/2015,MAMI,50,50,50,50,100000
11/9/2015,MAMI,50,50,50,50,0
11/13/2015,MAPI,3370,3430,3310,3405,536900
11/12/2015,MAPI,3380,3475,3380,3430,121200
11/11/2015,MAPI,3500,3500,3350,3370,732500
11/10/2015,MAPI,3500,3515,3485,3500,1285000
11/9/2015,MAPI,3530,3530,3490,3500,3767800
11/13/2015,MASA,236,236,236,236,52000
11/12/2015,MASA,234,236,225,236,109800
11/11/2015,MASA,237,237,236,236,29800
11/10/2015,MASA,235,235,235,235,0
11/9/2015,MASA,235,235,235,235,0
11/13/2015,MAYA,1985,2550,1935,2400,2029900
11/12/2015,MAYA,1700,2150,1700,2150,4655900
11/11/2015,MAYA,1390,1720,1390,1720,623200
11/10/2015,MAYA,1410,1410,1390,1390,200
11/9/2015,MAYA,1390,1390,1390,1390,1500
11/13/2015,MBSS,350,350,335,338,42800
11/12/2015,MBSS,350,350,330,350,108400
11/11/2015,MBSS,360,360,340,345,67000
11/10/2015,MBSS,359,366,355,360,71300
11/9/2015,MBSS,360,360,355,359,110900
11/13/2015,MBTO,127,137,127,137,4100
11/12/2015,MBTO,138,140,138,139,7600
11/11/2015,MBTO,141,141,129,132,28000
11/10/2015,MBTO,140,142,140,142,13000
11/9/2015,MBTO,147,148,147,148,1000
11/13/2015,MCOR,303,325,302,325,10100
11/12/2015,MCOR,310,330,310,330,65000
11/11/2015,MCOR,316,316,310,310,33800
11/10/2015,MCOR,320,330,320,330,50100
11/9/2015,MCOR,325,325,325,325,0
11/13/2015,MDLN,480,486,478,485,9330900
11/12/2015,MDLN,485,485,474,485,9926000
11/11/2015,MDLN,480,485,462,485,7226500
11/10/2015,MDLN,486,490,480,485,6187000
11/9/2015,MDLN,487,490,486,487,3383500
11/13/2015,MDRN,143,147,142,143,13395200
11/12/2015,MDRN,143,149,136,147,643700
11/11/2015,MDRN,136,139,136,138,737500
11/10/2015,MDRN,135,140,130,138,2688900
11/9/2015,MDRN,141,146,138,138,2725600
11/13/2015,MEDC,1040,1045,1020,1025,453800
11/12/2015,MEDC,1040,1060,1035,1040,620000
11/11/2015,MEDC,1095,1095,1035,1040,1560800
11/10/2015,MEDC,1110,1115,1085,1095,851400
11/9/2015,MEDC,1125,1130,1100,1110,750900
11/13/2015,MEGA,2700,2700,2700,2700,1700
11/12/2015,MEGA,3000,3000,3000,3000,0
11/11/2015,MEGA,3000,3000,3000,3000,0
11/10/2015,MEGA,3000,3000,3000,3000,0
11/9/2015,MEGA,3000,3000,3000,3000,0
11/13/2015,MERK,135000,135700,135000,135000,2100
11/12/2015,MERK,135000,136000,135000,135000,86800
11/11/2015,MERK,135000,135000,134500,135000,800
11/10/2015,MERK,134500,135900,134500,135900,700
11/9/2015,MERK,134000,136000,134000,136000,1800
11/13/2015,META,90,95,87,91,145153800
11/12/2015,META,79,96,77,91,168930900
11/11/2015,META,83,85,79,79,29474800
11/10/2015,META,86,88,78,82,225323000
11/9/2015,META,97,97,86,86,78091200
11/13/2015,MFIN,935,935,870,870,600
11/12/2015,MFIN,890,890,890,890,0
11/11/2015,MFIN,805,890,805,890,10500
11/10/2015,MFIN,810,890,810,890,4100
11/9/2015,MFIN,895,895,895,895,0
11/13/2015,MFMI,325,325,325,325,0
11/12/2015,MFMI,325,325,325,325,0
11/11/2015,MFMI,325,325,325,325,100
11/10/2015,MFMI,280,280,280,280,0
11/9/2015,MFMI,280,280,280,280,0
11/13/2015,MICE,388,388,388,388,0
11/12/2015,MICE,354,395,354,388,15200
11/11/2015,MICE,355,355,354,355,30900
11/10/2015,MICE,380,380,380,380,0
11/9/2015,MICE,380,380,380,380,100
11/13/2015,MIDI,750,750,750,750,500
11/12/2015,MIDI,750,750,750,750,0
11/11/2015,MIDI,750,750,750,750,0
11/10/2015,MIDI,750,750,750,750,0
11/9/2015,MIDI,750,750,750,750,0
11/13/2015,MIRA,50,50,50,50,5000
11/12/2015,MIRA,50,50,50,50,0
11/11/2015,MIRA,50,50,50,50,0
11/10/2015,MIRA,50,50,50,50,0
11/9/2015,MIRA,50,50,50,50,0
11/13/2015,MITI,124,124,124,124,0
11/12/2015,MITI,124,124,124,124,0
11/11/2015,MITI,124,124,124,124,0
11/10/2015,MITI,124,124,124,124,0
11/9/2015,MITI,124,124,124,124,0
11/13/2015,MKPI,16825,16825,16825,16825,0
11/12/2015,MKPI,16825,16825,16825,16825,0
11/11/2015,MKPI,16825,16825,16825,16825,0
11/10/2015,MKPI,16825,16825,16825,16825,0
11/9/2015,MKPI,16825,16825,16825,16825,100
11/13/2015,MLBI,8400,8600,8325,8325,17100
11/12/2015,MLBI,8750,8775,8425,8525,7600
11/11/2015,MLBI,8425,8450,8350,8400,48100
11/10/2015,MLBI,8400,8450,8350,8425,26300
11/9/2015,MLBI,9025,9025,8350,8400,65600
11/13/2015,MLIA,640,640,640,640,0
11/12/2015,MLIA,640,640,640,640,14500
11/11/2015,MLIA,640,640,640,640,4900
11/10/2015,MLIA,640,640,640,640,10000
11/9/2015,MLIA,635,635,635,635,0
11/13/2015,MLPL,294,294,281,285,6441900
11/12/2015,MLPL,289,299,289,294,1848100
11/11/2015,MLPL,295,295,286,289,6247000
11/10/2015,MLPL,302,305,293,295,4543900
11/9/2015,MLPL,314,315,302,305,4918100
11/13/2015,MLPT,1350,1360,1335,1360,5300
11/12/2015,MLPT,1355,1360,1225,1360,45000
11/11/2015,MLPT,1365,1365,1360,1360,2500
11/10/2015,MLPT,1395,1395,1360,1370,10300
11/9/2015,MLPT,1415,1415,1400,1400,6400
11/13/2015,MNCN,1635,1680,1625,1640,1701800
11/12/2015,MNCN,1670,1725,1635,1635,1990400
11/11/2015,MNCN,1650,1695,1650,1670,5302900
11/10/2015,MNCN,1715,1790,1640,1640,7943500
11/9/2015,MNCN,1765,1775,1705,1715,3016500
11/13/2015,MPMX,480,480,460,466,966500
11/12/2015,MPMX,485,494,479,480,1293500
11/11/2015,MPMX,505,505,479,481,1660700
11/10/2015,MPMX,505,510,505,505,182500
11/9/2015,MPMX,530,530,505,505,129100
11/13/2015,MPPA,1975,2010,1950,1980,2862000
11/12/2015,MPPA,2035,2075,1975,2005,5796800
11/11/2015,MPPA,2085,2090,2020,2025,3232500
11/10/2015,MPPA,2035,2110,2035,2085,7117000
11/9/2015,MPPA,2250,2255,2065,2120,9331400
11/13/2015,MRAT,217,217,217,217,100
11/12/2015,MRAT,198,198,198,198,23400
11/11/2015,MRAT,197,197,197,197,37000
11/10/2015,MRAT,215,215,215,215,200
11/9/2015,MRAT,200,200,199,199,35700
11/13/2015,MREI,5450,5450,5450,5450,0
11/12/2015,MREI,5450,5450,5450,5450,0
11/11/2015,MREI,6000,6000,5450,5450,300
11/10/2015,MREI,4800,4800,4800,4800,0
11/9/2015,MREI,4800,4800,4800,4800,1000
11/13/2015,MSKY,1255,1255,1215,1225,58600
11/12/2015,MSKY,1230,1285,1230,1285,15000
11/11/2015,MSKY,1290,1290,1210,1290,82800
11/10/2015,MSKY,1270,1300,1270,1300,8300
11/9/2015,MSKY,1250,1300,1250,1300,18400
11/13/2015,MTDL,655,655,650,650,32300
11/12/2015,MTDL,650,650,650,650,85400
11/11/2015,MTDL,650,660,650,650,50800
11/10/2015,MTDL,655,660,645,645,660600
11/9/2015,MTDL,655,655,645,645,1093200
11/13/2015,MTFN,50,50,50,50,0
11/12/2015,MTFN,50,50,50,50,0
11/11/2015,MTFN,50,50,50,50,0
11/10/2015,MTFN,50,50,50,50,0
11/9/2015,MTFN,50,50,50,50,0
11/13/2015,MTLA,206,206,201,205,1526100
11/12/2015,MTLA,210,213,203,205,3957800
11/11/2015,MTLA,205,211,205,206,279300
11/10/2015,MTLA,205,208,204,205,606700
11/9/2015,MTLA,206,207,202,207,165200
11/13/2015,MTSM,225,225,225,225,0
11/12/2015,MTSM,225,225,225,225,0
11/11/2015,MTSM,225,225,225,225,0
11/10/2015,MTSM,225,225,225,225,100
11/9/2015,MTSM,225,225,225,225,0
11/13/2015,MYOH,525,525,492,510,344200
11/12/2015,MYOH,535,545,500,515,656900
11/11/2015,MYOH,560,570,525,540,171500
11/10/2015,MYOH,515,550,515,550,110900
11/9/2015,MYOH,565,590,510,535,768800
11/13/2015,MYOR,26500,26500,26500,26500,3300
11/12/2015,MYOR,27500,27500,26500,26500,52600
11/11/2015,MYOR,27200,27200,27200,27200,100
11/10/2015,MYOR,26850,26850,26850,26850,0
11/9/2015,MYOR,26500,26850,26500,26850,3200
11/13/2015,MYRX,670,675,665,675,157058000
11/12/2015,MYRX,675,680,670,680,136543400
11/11/2015,MYRX,670,680,660,680,116350300
11/10/2015,MYRX,685,685,670,670,148761900
11/9/2015,MYRX,690,690,675,690,149521800
11/13/2015,MYTX,50,50,50,50,3000
11/12/2015,MYTX,52,59,51,51,72700
11/11/2015,MYTX,56,56,56,56,0
11/10/2015,MYTX,56,61,56,56,43500
11/9/2015,MYTX,56,62,56,62,2200
11/13/2015,NAGA,165,165,165,165,0
11/12/2015,NAGA,165,165,165,165,0
11/11/2015,NAGA,165,165,165,165,0
11/10/2015,NAGA,165,165,165,165,0
11/9/2015,NAGA,165,165,165,165,0
11/13/2015,NELY,138,138,138,138,0
11/12/2015,NELY,138,138,138,138,0
11/11/2015,NELY,138,138,138,138,0
11/10/2015,NELY,138,138,138,138,0
11/9/2015,NELY,138,138,138,138,0
11/13/2015,NIKL,50,51,50,51,616200
11/12/2015,NIKL,50,51,50,50,2153800
11/11/2015,NIKL,51,52,50,50,2630200
11/10/2015,NIKL,54,54,50,52,4205900
11/9/2015,NIKL,54,55,52,54,1321800
11/13/2015,NIPS,395,411,394,410,391900
11/12/2015,NIPS,382,400,382,400,1222200
11/11/2015,NIPS,379,386,379,382,926000
11/10/2015,NIPS,375,384,365,380,558800
11/9/2015,NIPS,380,386,374,374,1096700
11/13/2015,NIRO,95,102,90,101,82305000
11/12/2015,NIRO,103,103,95,99,9370300
11/11/2015,NIRO,107,107,98,103,5702800
11/10/2015,NIRO,106,107,96,105,5929300
11/9/2015,NIRO,107,107,97,103,4349600
11/13/2015,NISP,1300,1300,1300,1300,0
11/12/2015,NISP,1300,1300,1300,1300,800
11/11/2015,NISP,1290,1290,1290,1290,0
11/10/2015,NISP,1290,1290,1290,1290,0
11/9/2015,NISP,1290,1290,1290,1290,0
11/13/2015,NOBU,645,645,595,595,13300
11/12/2015,NOBU,675,675,630,645,3300
11/11/2015,NOBU,700,700,625,645,1400
11/10/2015,NOBU,665,665,610,630,12300
11/9/2015,NOBU,625,625,620,620,700
11/13/2015,NRCA,655,660,650,660,867200
11/12/2015,NRCA,655,670,650,660,2315500
11/11/2015,NRCA,665,665,655,655,1747900
11/10/2015,NRCA,660,690,640,660,11346200
11/9/2015,NRCA,680,680,655,660,2789300
11/13/2015,OCAP,432,432,432,432,0
11/12/2015,OCAP,432,432,432,432,0
11/11/2015,OCAP,432,432,432,432,0
11/10/2015,OCAP,432,432,432,432,0
11/9/2015,OCAP,432,432,432,432,0
11/13/2015,OKAS,85,85,85,85,0
11/12/2015,OKAS,85,85,85,85,300
11/11/2015,OKAS,90,90,90,90,100
11/10/2015,OKAS,82,82,82,82,0
11/9/2015,OKAS,82,82,82,82,2000
11/13/2015,OMRE,322,322,322,322,0
11/12/2015,OMRE,322,322,322,322,0
11/11/2015,OMRE,322,322,322,322,0
11/10/2015,OMRE,322,322,322,322,0
11/9/2015,OMRE,322,322,322,322,0
11/13/2015,PADI,670,670,670,670,500
11/12/2015,PADI,660,670,660,670,58800
11/11/2015,PADI,660,690,660,670,122100
11/10/2015,PADI,650,650,650,650,3000
11/9/2015,PADI,615,655,615,655,12500
11/13/2015,PALM,500,500,500,500,0
11/12/2015,PALM,500,500,500,500,0
11/11/2015,PALM,500,500,500,500,0
11/10/2015,PALM,500,500,500,500,0
11/9/2015,PALM,500,500,500,500,0
11/13/2015,PANR,477,484,477,484,3285300
11/12/2015,PANR,475,479,475,479,3535800
11/11/2015,PANR,475,476,474,475,3429100
11/10/2015,PANR,477,477,469,475,3243900
11/9/2015,PANR,487,487,480,480,3223900
11/13/2015,PANS,3445,3445,3445,3445,100
11/12/2015,PANS,3445,3445,3445,3445,100
11/11/2015,PANS,3400,3400,3380,3380,100900
11/10/2015,PANS,3470,3470,3470,3470,100
11/9/2015,PANS,3425,3450,3380,3450,109100
11/13/2015,PBRX,550,550,505,525,23532100
11/12/2015,PBRX,545,555,545,550,12372400
11/11/2015,PBRX,550,550,540,545,10605500
11/10/2015,PBRX,540,550,535,545,13836100
11/9/2015,PBRX,545,550,535,550,16017000
11/13/2015,PDES,160,160,160,160,20000
11/12/2015,PDES,160,160,160,160,0
11/11/2015,PDES,160,160,160,160,0
11/10/2015,PDES,160,160,160,160,0
11/9/2015,PDES,160,160,160,160,20000
11/13/2015,PEGE,205,205,205,205,0
11/12/2015,PEGE,205,205,205,205,0
11/11/2015,PEGE,205,205,205,205,0
11/10/2015,PEGE,205,205,205,205,0
11/9/2015,PEGE,205,205,205,205,0
11/13/2015,PGAS,2650,2665,2615,2615,21360500
11/12/2015,PGAS,2675,2730,2640,2680,16797700
11/11/2015,PGAS,2700,2710,2620,2650,27369700
11/10/2015,PGAS,2800,2825,2700,2700,35080100
11/9/2015,PGAS,2900,2930,2775,2810,31292000
11/13/2015,PGLI,72,72,72,72,0
11/12/2015,PGLI,72,72,72,72,0
11/11/2015,PGLI,72,72,72,72,100
11/10/2015,PGLI,61,61,61,61,0
11/9/2015,PGLI,61,61,61,61,1000
11/13/2015,PICO,135,135,135,135,0
11/12/2015,PICO,135,135,135,135,0
11/11/2015,PICO,135,135,135,135,0
11/10/2015,PICO,135,135,135,135,0
11/9/2015,PICO,135,135,135,135,300
11/13/2015,PJAA,2125,2200,2125,2200,200
11/12/2015,PJAA,2125,2125,2125,2125,0
11/11/2015,PJAA,2125,2125,2125,2125,100
11/10/2015,PJAA,2115,2115,2115,2115,0
11/9/2015,PJAA,2120,2120,2115,2115,10400
11/13/2015,PKPK,50,50,50,50,12200
11/12/2015,PKPK,50,50,50,50,313200
11/11/2015,PKPK,51,52,50,52,96100
11/10/2015,PKPK,52,54,52,52,311800
11/9/2015,PKPK,53,53,51,52,131400
11/13/2015,PLAS,1525,1550,1525,1550,28933800
11/12/2015,PLAS,1530,1540,1530,1540,24558100
11/11/2015,PLAS,1530,1535,1530,1535,18023500
11/10/2015,PLAS,1520,1530,1510,1530,29562400
11/9/2015,PLAS,1530,1530,1520,1520,23739200
11/13/2015,PLIN,3930,3930,3930,3930,0
11/12/2015,PLIN,3930,3930,3930,3930,0
11/11/2015,PLIN,3930,3930,3930,3930,0
11/10/2015,PLIN,3930,3930,3930,3930,0
11/9/2015,PLIN,3820,3935,3800,3930,2400
11/13/2015,PNBN,875,890,875,880,187300
11/12/2015,PNBN,880,880,865,875,181600
11/11/2015,PNBN,880,900,880,880,592000
11/10/2015,PNBN,880,890,875,890,294600
11/9/2015,PNBN,905,905,840,880,1618600
11/13/2015,PNIN,580,580,580,580,15500
11/12/2015,PNIN,585,585,580,580,40600
11/11/2015,PNIN,580,580,575,575,65700
11/10/2015,PNIN,590,590,575,580,57000
11/9/2015,PNIN,590,590,590,590,165100
11/13/2015,PNLF,197,202,197,201,8185900
11/12/2015,PNLF,205,206,199,200,8812900
11/11/2015,PNLF,210,210,201,202,6256200
11/10/2015,PNLF,207,211,205,208,6235200
11/9/2015,PNLF,218,218,205,205,19514600
11/13/2015,PNSE,422,422,422,422,0
11/12/2015,PNSE,422,422,422,422,100
11/11/2015,PNSE,425,425,425,425,0
11/10/2015,PNSE,425,425,425,425,0
11/9/2015,PNSE,425,425,425,425,0
11/13/2015,POLY,56,56,54,54,183500
11/12/2015,POLY,55,56,55,55,254500
11/11/2015,POLY,55,57,54,55,316300
11/10/2015,POLY,54,57,53,55,356600
11/9/2015,POLY,60,60,55,55,1391100
11/13/2015,POOL,2990,2990,2990,2990,0
11/12/2015,POOL,2990,2990,2990,2990,0
11/11/2015,POOL,2990,2990,2990,2990,0
11/10/2015,POOL,2990,2990,2990,2990,0
11/9/2015,POOL,2990,2990,2990,2990,0
11/13/2015,PRAS,120,129,120,129,35700
11/12/2015,PRAS,128,128,128,128,900
11/11/2015,PRAS,122,122,122,122,10000
11/10/2015,PRAS,122,122,122,122,2500
11/9/2015,PRAS,124,130,122,122,19800
11/13/2015,PSAB,1435,1440,1430,1440,516400
11/12/2015,PSAB,1440,1450,1400,1445,2496000
11/11/2015,PSAB,1445,1455,1435,1445,1390700
11/10/2015,PSAB,1460,1460,1450,1450,627400
11/9/2015,PSAB,1465,1465,1455,1460,1074700
11/13/2015,PSDN,114,114,114,114,0
11/12/2015,PSDN,114,114,114,114,0
11/11/2015,PSDN,114,114,114,114,0
11/10/2015,PSDN,114,114,114,114,0
11/9/2015,PSDN,114,114,114,114,0
11/13/2015,PSKT,1010,1010,1010,1010,0
11/12/2015,PSKT,1010,1010,1010,1010,0
11/11/2015,PSKT,1010,1010,1010,1010,252000
11/10/2015,PSKT,1015,1015,1015,1015,100
11/9/2015,PSKT,1020,1020,1020,1020,0
11/13/2015,PTBA,6900,6925,6225,6375,17989100
11/12/2015,PTBA,7025,7175,6950,6975,3209700
11/11/2015,PTBA,7325,7325,6775,6925,4787000
11/10/2015,PTBA,7450,7575,7325,7325,1819100
11/9/2015,PTBA,7450,7550,7350,7500,2693900
11/13/2015,PTIS,910,910,910,910,0
11/12/2015,PTIS,910,910,910,910,0
11/11/2015,PTIS,910,910,910,910,0
11/10/2015,PTIS,910,910,910,910,0
11/9/2015,PTIS,910,910,910,910,0
11/13/2015,PTPP,3745,3765,3705,3725,1726100
11/12/2015,PTPP,3720,3780,3705,3780,2855100
11/11/2015,PTPP,3725,3735,3650,3720,2629000
11/10/2015,PTPP,3650,3750,3640,3675,5967700
11/9/2015,PTPP,3700,3740,3670,3680,2351700
11/13/2015,PTRO,308,308,304,306,121700
11/12/2015,PTRO,308,311,305,308,625100
11/11/2015,PTRO,316,316,310,310,180100
11/10/2015,PTRO,316,316,314,316,304900
11/9/2015,PTRO,319,321,315,316,251000
11/13/2015,PTSN,67,67,63,63,200
11/12/2015,PTSN,65,65,65,65,0
11/11/2015,PTSN,65,65,65,65,0
11/10/2015,PTSN,66,66,65,65,300
11/9/2015,PTSN,64,64,64,64,10000
11/13/2015,PTSP,8500,8500,8500,8500,0
11/12/2015,PTSP,8500,8500,8500,8500,0
11/11/2015,PTSP,8500,8500,8500,8500,0
11/10/2015,PTSP,8500,8500,8500,8500,0
11/9/2015,PTSP,8500,8500,8500,8500,0
11/13/2015,PUDP,435,435,435,435,0
11/12/2015,PUDP,435,435,435,435,0
11/11/2015,PUDP,435,435,435,435,0
11/10/2015,PUDP,435,435,435,435,0
11/9/2015,PUDP,435,435,435,435,0
11/13/2015,PWON,435,450,433,444,39179300
11/12/2015,PWON,435,448,435,443,71336200
11/11/2015,PWON,437,441,425,435,28245900
11/10/2015,PWON,420,443,417,435,72215400
11/9/2015,PWON,450,454,422,425,43501300
11/13/2015,PYFA,111,113,109,111,44800
11/12/2015,PYFA,109,113,109,109,28000
11/11/2015,PYFA,106,109,106,109,15400
11/10/2015,PYFA,108,110,107,110,8900
11/9/2015,PYFA,108,111,108,111,3100
11/13/2015,RAJA,840,840,830,840,86300
11/12/2015,RAJA,840,860,840,860,150500
11/11/2015,RAJA,840,860,840,860,20000
11/10/2015,RAJA,870,870,835,840,60500
11/9/2015,RAJA,850,875,835,875,51100
11/13/2015,RALS,705,705,695,700,3613300
11/12/2015,RALS,680,705,680,705,3257700
11/11/2015,RALS,680,685,670,680,1979300
11/10/2015,RALS,695,700,675,675,889500
11/9/2015,RALS,710,710,690,700,9695700
11/13/2015,RANC,319,319,315,319,344200
11/12/2015,RANC,305,320,305,319,3948100
11/11/2015,RANC,298,305,295,304,4599800
11/10/2015,RANC,290,296,290,296,1905700
11/9/2015,RANC,290,293,289,290,3119800
11/13/2015,RBMS,61,61,61,61,17100
11/12/2015,RBMS,60,60,59,59,6000
11/11/2015,RBMS,61,61,61,61,0
11/10/2015,RBMS,61,61,61,61,46300
11/9/2015,RBMS,61,61,61,61,1700
11/13/2015,RDTX,5800,5800,5800,5800,0
11/12/2015,RDTX,5800,5800,5800,5800,0
11/11/2015,RDTX,5800,5800,5800,5800,0
11/10/2015,RDTX,5800,5800,5800,5800,0
11/9/2015,RDTX,5800,5800,5800,5800,0
11/13/2015,RELI,400,400,400,400,0
11/12/2015,RELI,400,400,400,400,0
11/11/2015,RELI,400,400,400,400,0
11/10/2015,RELI,400,400,400,400,0
11/9/2015,RELI,400,400,400,400,0
11/13/2015,RICY,167,167,167,167,0
11/12/2015,RICY,167,167,167,167,0
11/11/2015,RICY,167,167,167,167,100
11/10/2015,RICY,162,162,162,162,1300
11/9/2015,RICY,150,163,150,163,50100
11/13/2015,RIGS,143,160,143,157,400
11/12/2015,RIGS,143,143,143,143,0
11/11/2015,RIGS,143,143,143,143,0
11/10/2015,RIGS,144,144,143,143,3900
11/9/2015,RIGS,155,155,155,155,0
11/13/2015,RIMO,190,190,190,190,0
11/12/2015,RIMO,190,190,190,190,0
11/11/2015,RIMO,190,190,190,190,0
11/10/2015,RIMO,190,190,190,190,0
11/9/2015,RIMO,190,190,190,190,0
11/13/2015,RMBA,480,480,480,480,0
11/12/2015,RMBA,480,480,480,480,200
11/11/2015,RMBA,510,510,510,510,0
11/10/2015,RMBA,510,510,510,510,100
11/9/2015,RMBA,530,530,530,530,0
11/13/2015,RODA,414,414,410,410,1100
11/12/2015,RODA,422,422,417,417,2200
11/11/2015,RODA,424,424,424,424,3500
11/10/2015,RODA,418,418,418,418,6500
11/9/2015,RODA,419,419,419,419,4000
11/13/2015,ROTI,1230,1250,1210,1220,391600
11/12/2015,ROTI,1220,1255,1220,1240,213000
11/11/2015,ROTI,1275,1275,1195,1225,630900
11/10/2015,ROTI,1240,1285,1220,1260,2301100
11/9/2015,ROTI,1225,1245,1225,1240,7355900
11/13/2015,RUIS,225,225,225,225,639300
11/12/2015,RUIS,223,223,223,223,1290500
11/11/2015,RUIS,220,220,219,219,55000
11/10/2015,RUIS,230,230,217,219,200300
11/9/2015,RUIS,216,217,216,217,101800
11/13/2015,SAFE,90,90,90,90,10100
11/12/2015,SAFE,99,99,99,99,100
11/11/2015,SAFE,99,106,81,99,1100
11/10/2015,SAFE,106,106,90,90,4500
11/9/2015,SAFE,99,99,99,99,0
11/13/2015,SAME,2400,2425,2400,2400,224200
11/12/2015,SAME,2405,2420,2400,2410,200300
11/11/2015,SAME,2420,2425,2400,2405,146500
11/10/2015,SAME,2450,2455,2420,2420,109700
11/9/2015,SAME,2490,2490,2455,2460,128700
11/13/2015,SCBD,1695,1695,1695,1695,0
11/12/2015,SCBD,1695,1695,1695,1695,0
11/11/2015,SCBD,1695,1695,1695,1695,0
11/10/2015,SCBD,1695,1695,1695,1695,0
11/9/2015,SCBD,1695,1695,1695,1695,0
11/13/2015,SCCO,3700,3700,3700,3700,0
11/12/2015,SCCO,3700,3700,3700,3700,0
11/11/2015,SCCO,3700,3700,3700,3700,100
11/10/2015,SCCO,3600,3700,3600,3700,600
11/9/2015,SCCO,3700,3700,3700,3700,0
11/13/2015,SCMA,3280,3285,3215,3230,1702100
11/12/2015,SCMA,3275,3380,3245,3300,10508500
11/11/2015,SCMA,3200,3315,3110,3225,3181700
11/10/2015,SCMA,3110,3310,3060,3200,6452900
11/9/2015,SCMA,3205,3205,3070,3110,2465900
11/13/2015,SCPI,29000,29000,29000,29000,0
11/12/2015,SCPI,29000,29000,29000,29000,0
11/11/2015,SCPI,29000,29000,29000,29000,0
11/10/2015,SCPI,29000,29000,29000,29000,0
11/9/2015,SCPI,29000,29000,29000,29000,0
11/13/2015,SDMU,464,473,463,470,7779600
11/12/2015,SDMU,458,466,453,466,19622300
11/11/2015,SDMU,456,461,455,458,7230300
11/10/2015,SDMU,425,456,419,456,24370400
11/9/2015,SDMU,413,434,412,428,14611600
11/13/2015,SDPC,67,69,67,69,200
11/12/2015,SDPC,67,68,67,68,110000
11/11/2015,SDPC,67,67,67,67,50000
11/10/2015,SDPC,69,69,69,69,14500
11/9/2015,SDPC,70,70,69,70,402000
11/13/2015,SDRA,1160,1160,1160,1160,0
11/12/2015,SDRA,1160,1160,1160,1160,0
11/11/2015,SDRA,1160,1160,1160,1160,0
11/10/2015,SDRA,1160,1160,1160,1160,0
11/9/2015,SDRA,1160,1160,1160,1160,20000
11/13/2015,SGRO,1300,1300,1280,1300,1578400
11/12/2015,SGRO,1280,1320,1280,1300,905800
11/11/2015,SGRO,1325,1340,1265,1290,2099800
11/10/2015,SGRO,1280,1340,1280,1290,1127200
11/9/2015,SGRO,1350,1350,1265,1285,1367100
11/13/2015,SHID,463,468,463,465,4511300
11/12/2015,SHID,450,465,450,463,5580100
11/11/2015,SHID,450,450,449,449,218400
11/10/2015,SHID,451,451,449,449,239400
11/9/2015,SHID,451,451,450,450,327800
11/13/2015,SIAP,83,83,83,83,0
11/12/2015,SIAP,83,83,83,83,0
11/11/2015,SIAP,83,83,83,83,0
11/10/2015,SIAP,83,83,83,83,0
11/9/2015,SIAP,83,83,83,83,0
11/13/2015,SILO,9150,9150,8650,9000,1228800
11/12/2015,SILO,9350,9475,9075,9150,2103800
11/11/2015,SILO,9625,9700,9350,9350,1727800
11/10/2015,SILO,9600,9875,9525,9625,689100
11/9/2015,SILO,10150,10175,9825,9975,1094800
11/13/2015,SIMA,164,164,164,164,0
11/12/2015,SIMA,164,164,164,164,0
11/11/2015,SIMA,164,164,164,164,0
11/10/2015,SIMA,164,164,164,164,0
11/9/2015,SIMA,164,164,164,164,0
11/13/2015,SIMP,402,407,401,403,3886600
11/12/2015,SIMP,408,408,404,405,3564000
11/11/2015,SIMP,410,410,403,403,3352500
11/10/2015,SIMP,420,420,408,408,3018700
11/9/2015,SIMP,435,435,418,419,1984600
11/13/2015,SIPD,850,875,850,875,166300
11/12/2015,SIPD,810,850,810,850,860900
11/11/2015,SIPD,800,800,800,800,27000
11/10/2015,SIPD,800,805,800,805,27600
11/9/2015,SIPD,800,800,800,800,39200
11/13/2015,SKBM,945,945,945,945,0
11/12/2015,SKBM,945,945,945,945,0
11/11/2015,SKBM,945,945,945,945,0
11/10/2015,SKBM,945,945,945,945,0
11/9/2015,SKBM,945,945,945,945,0
11/13/2015,SKLT,390,390,390,390,0
11/12/2015,SKLT,390,390,390,390,0
11/11/2015,SKLT,390,390,390,390,0
11/10/2015,SKLT,390,390,390,390,0
11/9/2015,SKLT,390,390,390,390,0
11/13/2015,SKYB,420,420,420,420,0
11/12/2015,SKYB,420,420,420,420,0
11/11/2015,SKYB,420,420,420,420,0
11/10/2015,SKYB,420,420,420,420,0
11/9/2015,SKYB,420,420,420,420,0
11/13/2015,SMAR,4850,4850,4850,4850,1000
11/12/2015,SMAR,4850,4850,4850,4850,0
11/11/2015,SMAR,4850,4850,4850,4850,100
11/10/2015,SMAR,4700,4900,4380,4900,26400
11/9/2015,SMAR,4675,4675,4675,4675,0
11/13/2015,SMBR,320,328,318,321,13407900
11/12/2015,SMBR,314,330,314,322,44392300
11/11/2015,SMBR,294,314,293,313,21794100
11/10/2015,SMBR,294,296,290,294,5221800
11/9/2015,SMBR,302,302,292,294,7344700
11/13/2015,SMCB,1005,1020,995,1005,531400
11/12/2015,SMCB,1025,1025,1005,1020,73500
11/11/2015,SMCB,1035,1035,1000,1020,364900
11/10/2015,SMCB,1050,1050,1025,1035,464100
11/9/2015,SMCB,1075,1075,1050,1050,73200
11/13/2015,SMDM,95,95,95,95,30100
11/12/2015,SMDM,97,99,95,97,1400
11/11/2015,SMDM,91,99,91,95,51100
11/10/2015,SMDM,95,95,91,91,50100
11/9/2015,SMDM,91,91,91,91,100
11/13/2015,SMDR,5000,5000,4960,5000,26300
11/12/2015,SMDR,5200,5200,5000,5000,40000
11/11/2015,SMDR,5200,5200,5200,5200,300
11/10/2015,SMDR,5350,5400,5150,5400,5100
11/9/2015,SMDR,5200,5400,5175,5350,5500
11/13/2015,SMGR,10100,10875,10050,10675,13291600
11/12/2015,SMGR,10400,10600,10150,10150,4775400
11/11/2015,SMGR,9975,10575,9975,10500,11839900
11/10/2015,SMGR,10050,10325,9950,9950,4165200
11/9/2015,SMGR,10500,10550,10250,10250,4248200
11/13/2015,SMMA,5600,5600,5600,5600,0
11/12/2015,SMMA,5600,5600,5600,5600,0
11/11/2015,SMMA,5600,5600,5600,5600,0
11/10/2015,SMMA,5600,5600,5600,5600,0
11/9/2015,SMMA,5600,5600,5600,5600,0
11/13/2015,SMMT,285,285,246,246,5000
11/12/2015,SMMT,256,273,256,273,200
11/11/2015,SMMT,280,280,260,273,30200
11/10/2015,SMMT,270,270,270,270,2700
11/9/2015,SMMT,286,300,286,300,12900
11/13/2015,SMRA,1425,1510,1415,1465,39356900
11/12/2015,SMRA,1400,1490,1390,1465,33457500
11/11/2015,SMRA,1380,1420,1350,1390,20449800
11/10/2015,SMRA,1325,1450,1325,1370,26257000
11/9/2015,SMRA,1415,1435,1340,1380,36191100
11/13/2015,SMRU,229,230,212,230,58308000
11/12/2015,SMRU,231,232,222,229,47330500
11/11/2015,SMRU,236,236,214,231,38613400
11/10/2015,SMRU,238,238,228,237,55663400
11/9/2015,SMRU,237,238,233,238,29904600
11/13/2015,SMSM,4825,5000,4825,4900,153400
11/12/2015,SMSM,5050,5125,4910,4910,137400
11/11/2015,SMSM,5000,5150,5000,5000,104500
11/10/2015,SMSM,5075,5200,5050,5100,151500
11/9/2015,SMSM,5100,5200,4990,5025,225100
11/13/2015,SOBI,2000,2000,2000,2000,0
11/12/2015,SOBI,2000,2000,2000,2000,0
11/11/2015,SOBI,2000,2000,2000,2000,0
11/10/2015,SOBI,2000,2000,2000,2000,0
11/9/2015,SOBI,2000,2000,2000,2000,0
11/13/2015,SONA,4780,5450,4780,5450,68800
11/12/2015,SONA,3875,4625,3875,4620,65500
11/11/2015,SONA,3700,3700,3700,3700,0
11/10/2015,SONA,3700,3700,3700,3700,0
11/9/2015,SONA,3700,3700,3700,3700,0
11/13/2015,SPMA,104,110,100,100,357500
11/12/2015,SPMA,100,104,100,104,400
11/11/2015,SPMA,102,109,97,109,36300
11/10/2015,SPMA,98,102,97,102,18800
11/9/2015,SPMA,100,103,100,103,10800
11/13/2015,SQMI,1740,1800,1740,1800,200
11/12/2015,SQMI,1645,1645,1645,1645,0
11/11/2015,SQMI,1645,1645,1645,1645,0
11/10/2015,SQMI,1645,1645,1645,1645,0
11/9/2015,SQMI,1645,1645,1645,1645,100
11/13/2015,SRAJ,245,275,243,260,2095900
11/12/2015,SRAJ,200,270,200,270,4729400
11/11/2015,SRAJ,200,200,200,200,500
11/10/2015,SRAJ,200,200,187,187,200
11/9/2015,SRAJ,187,187,185,186,3100
11/13/2015,SRIL,342,345,335,335,16560800
11/12/2015,SRIL,346,352,342,344,16590200
11/11/2015,SRIL,355,358,343,343,21565100
11/10/2015,SRIL,354,364,349,349,25017200
11/9/2015,SRIL,373,374,359,359,23880900
11/13/2015,SRSN,50,50,50,50,0
11/12/2015,SRSN,50,50,50,50,0
11/11/2015,SRSN,50,50,50,50,200100
11/10/2015,SRSN,50,50,50,50,0
11/9/2015,SRSN,50,50,50,50,0
11/13/2015,SRTG,3975,3975,3975,3975,200
11/12/2015,SRTG,3975,3975,3975,3975,0
11/11/2015,SRTG,3975,3975,3975,3975,0
11/10/2015,SRTG,3975,3975,3975,3975,0
11/9/2015,SRTG,3975,3975,3975,3975,0
11/13/2015,SSIA,595,615,585,590,47037500
11/12/2015,SSIA,630,655,605,605,43689300
11/11/2015,SSIA,665,675,625,635,27426500
11/10/2015,SSIA,590,675,580,665,56666700
11/9/2015,SSIA,620,625,590,595,21618900
11/13/2015,SSTM,51,51,51,51,0
11/12/2015,SSTM,51,51,51,51,0
11/11/2015,SSTM,51,51,50,51,2200
11/10/2015,SSTM,51,51,51,51,100
11/9/2015,SSTM,51,51,51,51,100
11/13/2015,STAR,50,50,50,50,100
11/12/2015,STAR,50,50,50,50,0
11/11/2015,STAR,50,50,50,50,0
11/10/2015,STAR,50,50,50,50,200
11/9/2015,STAR,50,50,50,50,200
11/13/2015,STTP,3060,3060,3060,3060,1000
11/12/2015,STTP,3060,3060,3060,3060,100
11/11/2015,STTP,3060,3060,3060,3060,100
11/10/2015,STTP,3025,3025,3025,3025,1500
11/9/2015,STTP,3025,3025,3025,3025,0
11/13/2015,SUGI,382,383,379,381,90084200
11/12/2015,SUGI,381,383,381,382,66037800
11/11/2015,SUGI,384,384,378,380,62501000
11/10/2015,SUGI,385,385,381,384,76038100
11/9/2015,SUGI,382,385,381,385,88004800
11/13/2015,SULI,51,51,50,50,23100
11/12/2015,SULI,51,51,50,51,409500
11/11/2015,SULI,51,51,50,50,40100
11/10/2015,SULI,52,52,50,51,467600
11/9/2015,SULI,51,53,51,53,80700
11/13/2015,SUPR,8400,8400,8400,8400,0
11/12/2015,SUPR,8400,8400,8400,8400,4000
11/11/2015,SUPR,8400,8400,8400,8400,5000
11/10/2015,SUPR,8400,8400,8400,8400,5000
11/9/2015,SUPR,8400,8400,8400,8400,2500
11/13/2015,TAXI,136,136,136,136,0
11/12/2015,TAXI,145,145,131,136,67909800
11/11/2015,TAXI,161,166,145,145,28252700
11/10/2015,TAXI,179,179,160,161,37309300
11/9/2015,TAXI,192,197,174,176,30122000
11/13/2015,TBIG,6375,6575,6375,6550,1529100
11/12/2015,TBIG,6500,6700,6400,6400,863600
11/11/2015,TBIG,6550,6550,6375,6400,1484100
11/10/2015,TBIG,6700,6750,6350,6550,4944200
11/9/2015,TBIG,6825,7000,6700,6775,1048000
11/13/2015,TBLA,490,500,485,489,90100
11/12/2015,TBLA,494,494,480,490,622600
11/11/2015,TBLA,494,494,494,494,50000
11/10/2015,TBLA,468,490,461,480,205000
11/9/2015,TBLA,485,485,465,465,22700
11/13/2015,TBMS,6000,6000,6000,6000,0
11/12/2015,TBMS,6000,6000,6000,6000,0
11/11/2015,TBMS,6000,6000,6000,6000,0
11/10/2015,TBMS,6000,6000,6000,6000,0
11/9/2015,TBMS,6000,6000,6000,6000,0
11/13/2015,TCID,17400,17400,17400,17400,0
11/12/2015,TCID,17400,17400,17400,17400,0
11/11/2015,TCID,17400,17400,17400,17400,0
11/10/2015,TCID,17400,17400,17400,17400,0
11/9/2015,TCID,17400,17400,17400,17400,0
11/13/2015,TELE,735,740,715,720,1258800
11/12/2015,TELE,705,780,705,745,1994800
11/11/2015,TELE,700,705,680,700,1412000
11/10/2015,TELE,690,710,690,695,3079000
11/9/2015,TELE,700,725,690,690,2675000
11/13/2015,TFCO,895,895,895,895,0
11/12/2015,TFCO,895,895,895,895,0
11/11/2015,TFCO,895,895,895,895,0
11/10/2015,TFCO,895,895,895,895,0
11/9/2015,TFCO,895,895,895,895,0
11/13/2015,TGKA,2850,2850,2850,2850,0
11/12/2015,TGKA,2850,2850,2850,2850,0
11/11/2015,TGKA,2850,2850,2850,2850,0
11/10/2015,TGKA,2850,2850,2850,2850,0
11/9/2015,TGKA,2850,2850,2850,2850,0
11/13/2015,TIFA,165,165,165,165,0
11/12/2015,TIFA,165,165,165,165,0
11/11/2015,TIFA,165,165,165,165,0
11/10/2015,TIFA,149,165,149,165,11600
11/9/2015,TIFA,140,165,140,165,400
11/13/2015,TINS,585,585,550,555,4105800
11/12/2015,TINS,575,585,570,570,3391500
11/11/2015,TINS,580,580,560,570,5024000
11/10/2015,TINS,610,610,570,570,9115700
11/9/2015,TINS,620,620,595,600,1695400
11/13/2015,TIRA,1350,1350,1350,1350,0
11/12/2015,TIRA,1350,1350,1350,1350,0
11/11/2015,TIRA,1350,1350,1350,1350,0
11/10/2015,TIRA,1350,1350,1350,1350,0
11/9/2015,TIRA,1350,1350,1350,1350,0
11/13/2015,TIRT,58,58,51,51,199900
11/12/2015,TIRT,62,62,56,56,1000
11/11/2015,TIRT,61,61,54,59,5900
11/10/2015,TIRT,58,62,57,58,7000
11/9/2015,TIRT,63,63,63,63,400
11/13/2015,TKGA,1800,1800,1800,1800,0
11/12/2015,TKGA,1800,1800,1800,1800,0
11/11/2015,TKGA,1800,1800,1800,1800,0
11/10/2015,TKGA,1800,1800,1800,1800,0
11/9/2015,TKGA,1800,1800,1800,1800,0
11/13/2015,TKIM,545,545,525,530,10500
11/12/2015,TKIM,530,545,505,540,62700
11/11/2015,TKIM,530,530,510,510,35900
11/10/2015,TKIM,535,535,515,520,59200
11/9/2015,TKIM,550,550,515,520,133100
11/13/2015,TLKM,2705,2780,2700,2755,85542600
11/12/2015,TLKM,2700,2740,2675,2715,67582900
11/11/2015,TLKM,2680,2700,2660,2665,45329300
11/10/2015,TLKM,2700,2725,2695,2695,71540600
11/9/2015,TLKM,2740,2740,2700,2730,28610100
11/13/2015,TMAS,2000,2100,1860,2000,620300
11/12/2015,TMAS,2150,2150,2000,2000,221900
11/11/2015,TMAS,2105,2150,2025,2080,134000
11/10/2015,TMAS,2000,2200,1925,2095,3544100
11/9/2015,TMAS,1845,2050,1790,1975,1279000
11/13/2015,TMPI,431,434,420,433,35694700
11/12/2015,TMPI,430,431,427,431,42219700
11/11/2015,TMPI,435,435,428,430,45861900
11/10/2015,TMPI,439,439,434,435,34067100
11/9/2015,TMPI,440,441,436,440,45765600
11/13/2015,TMPO,76,76,75,76,94300
11/12/2015,TMPO,77,80,73,75,2086900
11/11/2015,TMPO,67,77,67,77,1032400
11/10/2015,TMPO,66,66,63,66,2700
11/9/2015,TMPO,65,67,65,65,14100
11/13/2015,TOBA,750,750,750,750,0
11/12/2015,TOBA,635,750,635,750,1300
11/11/2015,TOBA,670,670,670,670,0
11/10/2015,TOBA,685,685,670,670,1600
11/9/2015,TOBA,680,685,680,685,200
11/13/2015,TOTL,690,700,670,675,2897200
11/12/2015,TOTL,700,715,690,700,1098300
11/11/2015,TOTL,710,715,695,700,2102300
11/10/2015,TOTL,695,720,675,700,3090100
11/9/2015,TOTL,725,730,705,705,2610400
11/13/2015,TOTO,7150,7200,7100,7150,1017200
11/12/2015,TOTO,7025,7300,7025,7150,1107200
11/11/2015,TOTO,6975,7025,6950,7000,1460900
11/10/2015,TOTO,7000,7000,6925,6975,531700
11/9/2015,TOTO,7000,7000,6950,7000,569800
11/13/2015,TOWR,4300,4350,4200,4200,7300
11/12/2015,TOWR,4200,4200,4200,4200,2300
11/11/2015,TOWR,4200,4200,4200,4200,1300
11/10/2015,TOWR,4350,4350,4050,4050,500
11/9/2015,TOWR,4350,4350,4350,4350,400
11/13/2015,TPIA,3400,3400,3400,3400,0
11/12/2015,TPIA,3400,3400,3400,3400,0
11/11/2015,TPIA,3400,3400,3400,3400,0
11/10/2015,TPIA,3400,3400,3400,3400,0
11/9/2015,TPIA,3400,3400,3400,3400,0
11/13/2015,TPMA,238,239,237,239,4100
11/12/2015,TPMA,222,222,222,222,0
11/11/2015,TPMA,222,222,222,222,0
11/10/2015,TPMA,223,223,222,222,200
11/9/2015,TPMA,201,201,201,201,2000
11/13/2015,TRAM,50,50,50,50,112200
11/12/2015,TRAM,50,50,50,50,100
11/11/2015,TRAM,50,50,50,50,200
11/10/2015,TRAM,50,50,50,50,110300
11/9/2015,TRAM,50,50,50,50,1300
11/13/2015,TRIL,50,50,50,50,0
11/12/2015,TRIL,50,50,50,50,0
11/11/2015,TRIL,50,50,50,50,0
11/10/2015,TRIL,50,50,50,50,0
11/9/2015,TRIL,50,50,50,50,0
11/13/2015,TRIM,54,54,54,54,1000
11/12/2015,TRIM,54,54,54,54,0
11/11/2015,TRIM,54,54,54,54,1000
11/10/2015,TRIM,54,54,52,54,16000
11/9/2015,TRIM,50,54,50,54,64400
11/13/2015,TRIO,1800,1800,1800,1800,0
11/12/2015,TRIO,1800,1800,1800,1800,0
11/11/2015,TRIO,1800,1800,1800,1800,0
11/10/2015,TRIO,1800,1800,1800,1800,0
11/9/2015,TRIO,1800,1800,1800,1800,0
11/13/2015,TRIS,300,300,299,300,3252300
11/12/2015,TRIS,300,300,299,299,3071100
11/11/2015,TRIS,301,301,299,299,3265800
11/10/2015,TRIS,301,301,298,300,3293700
11/9/2015,TRIS,300,300,299,300,3105000
11/13/2015,TRST,310,325,310,316,81200
11/12/2015,TRST,320,325,300,322,767300
11/11/2015,TRST,335,335,315,315,52800
11/10/2015,TRST,300,325,300,325,637000
11/9/2015,TRST,300,305,290,299,506600
11/13/2015,TRUB,50,50,50,50,0
11/12/2015,TRUB,50,50,50,50,0
11/11/2015,TRUB,50,50,50,50,0
11/10/2015,TRUB,50,50,50,50,0
11/9/2015,TRUB,50,50,50,50,0
11/13/2015,TRUS,195,195,195,195,0
11/12/2015,TRUS,195,195,195,195,0
11/11/2015,TRUS,195,195,195,195,0
11/10/2015,TRUS,195,195,195,195,0
11/9/2015,TRUS,195,195,195,195,0
11/13/2015,TSPC,1630,1700,1630,1700,4800
11/12/2015,TSPC,1710,1710,1685,1685,78800
11/11/2015,TSPC,1710,1715,1695,1710,453200
11/10/2015,TSPC,1695,1715,1695,1710,227400
11/9/2015,TSPC,1725,1725,1690,1695,350800
11/13/2015,TURI,535,540,535,535,1822300
11/12/2015,TURI,535,540,535,535,2331900
11/11/2015,TURI,540,540,535,540,1879400
11/10/2015,TURI,535,540,535,535,1028100
11/9/2015,TURI,535,540,535,535,1748000
11/13/2015,ULTJ,3995,4000,3995,4000,10200
11/12/2015,ULTJ,3910,4000,3910,4000,5100
11/11/2015,ULTJ,3995,3995,3995,3995,200
11/10/2015,ULTJ,3805,4000,3805,4000,13600
11/9/2015,ULTJ,4000,4000,3900,3900,2700
11/13/2015,UNIC,1575,1575,1575,1575,0
11/12/2015,UNIC,1575,1575,1575,1575,0
11/11/2015,UNIC,1575,1575,1575,1575,0
11/10/2015,UNIC,1575,1575,1575,1575,0
11/9/2015,UNIC,1575,1575,1575,1575,0
11/13/2015,UNIT,271,271,271,271,0
11/12/2015,UNIT,271,271,271,271,0
11/11/2015,UNIT,271,271,271,271,0
11/10/2015,UNIT,271,271,271,271,0
11/9/2015,UNIT,271,271,271,271,0
11/13/2015,UNSP,50,50,50,50,0
11/12/2015,UNSP,50,50,50,50,100
11/11/2015,UNSP,50,50,50,50,0
11/10/2015,UNSP,50,50,50,50,0
11/9/2015,UNSP,50,50,50,50,52500
11/13/2015,UNTR,17400,18100,17200,17750,2964300
11/12/2015,UNTR,17550,17825,17550,17550,2925800
11/11/2015,UNTR,17650,17875,17500,17750,3287400
11/10/2015,UNTR,17750,18500,17525,17600,4770500
11/9/2015,UNTR,17925,18100,17525,17900,3585100
11/13/2015,UNTX,3700,3700,3700,3700,0
11/12/2015,UNTX,3700,3700,3700,3700,0
11/11/2015,UNTX,3700,3700,3700,3700,0
11/10/2015,UNTX,3700,3700,3700,3700,0
11/9/2015,UNTX,3700,3700,3700,3700,0
11/13/2015,UNVR,34600,36700,34500,36300,1969300
11/12/2015,UNVR,35200,35700,34600,34600,957700
11/11/2015,UNVR,35500,36050,35100,35175,2408000
11/10/2015,UNVR,36525,36700,35400,35400,1900800
11/9/2015,UNVR,36950,36950,36550,36700,879800
11/13/2015,VICO,103,103,99,99,1200
11/12/2015,VICO,100,103,100,103,200
11/11/2015,VICO,100,100,100,100,5000
11/10/2015,VICO,103,103,101,101,4100
11/9/2015,VICO,103,103,103,103,100
11/13/2015,VIVA,245,260,242,260,8420400
11/12/2015,VIVA,255,260,241,246,16008000
11/11/2015,VIVA,259,259,234,244,21438900
11/10/2015,VIVA,277,280,260,260,8078400
11/9/2015,VIVA,282,288,277,280,6725600
11/13/2015,VOKS,900,900,900,900,2000
11/12/2015,VOKS,820,820,820,820,0
11/11/2015,VOKS,820,820,820,820,0
11/10/2015,VOKS,820,820,820,820,0
11/9/2015,VOKS,820,820,820,820,0
11/13/2015,VRNA,185,185,185,185,0
11/12/2015,VRNA,185,185,185,185,0
11/11/2015,VRNA,185,185,185,185,0
11/10/2015,VRNA,185,185,185,185,0
11/9/2015,VRNA,185,185,185,185,0
11/13/2015,WAPO,54,55,54,55,2300
11/12/2015,WAPO,54,54,54,54,0
11/11/2015,WAPO,54,54,54,54,0
11/10/2015,WAPO,54,54,54,54,0
11/9/2015,WAPO,54,54,54,54,1000
11/13/2015,WEHA,160,162,159,162,979200
11/12/2015,WEHA,162,163,162,162,831500
11/11/2015,WEHA,164,164,163,163,893000
11/10/2015,WEHA,164,166,164,164,822100
11/9/2015,WEHA,167,167,165,165,933500
11/13/2015,WICO,53,53,53,53,54600
11/12/2015,WICO,53,54,51,53,134800
11/11/2015,WICO,53,54,53,54,165200
11/10/2015,WICO,53,54,52,54,238900
11/9/2015,WICO,54,54,52,53,533400
11/13/2015,WIIM,420,460,420,445,464600
11/12/2015,WIIM,413,413,402,410,23500
11/11/2015,WIIM,408,415,400,415,136700
11/10/2015,WIIM,405,410,400,400,61800
11/9/2015,WIIM,402,414,400,405,132300
11/13/2015,WIKA,2795,2810,2740,2790,4033500
11/12/2015,WIKA,2765,2835,2765,2830,5493400
11/11/2015,WIKA,2785,2790,2720,2760,3744900
11/10/2015,WIKA,2700,2795,2690,2755,9853300
11/9/2015,WIKA,2895,2895,2715,2730,12155900
11/13/2015,WINS,196,199,185,190,3444100
11/12/2015,WINS,195,199,195,195,2847100
11/11/2015,WINS,195,200,195,195,36600
11/10/2015,WINS,195,196,195,195,72100
11/9/2015,WINS,205,205,195,195,1466200
11/13/2015,WOMF,78,78,78,78,100
11/12/2015,WOMF,78,78,78,78,100
11/11/2015,WOMF,77,80,77,80,200
11/10/2015,WOMF,78,78,78,78,0
11/9/2015,WOMF,75,78,75,78,200
11/13/2015,WSKT,1670,1690,1645,1680,20989300
11/12/2015,WSKT,1690,1705,1670,1690,16242400
11/11/2015,WSKT,1685,1690,1675,1680,16008400
11/10/2015,WSKT,1645,1705,1635,1685,24336800
11/9/2015,WSKT,1685,1695,1645,1660,25883700
11/13/2015,YPAS,800,800,800,800,0
11/12/2015,YPAS,800,800,800,800,0
11/11/2015,YPAS,800,800,800,800,0
11/10/2015,YPAS,800,800,800,800,0
11/9/2015,YPAS,800,800,800,800,0
11/13/2015,YULE,81,81,81,81,0
11/12/2015,YULE,81,81,81,81,0
11/11/2015,YULE,81,81,81,81,0
11/10/2015,YULE,81,81,81,81,0
11/9/2015,YULE,81,81,81,81,0
11/13/2015,ZBRA,80,85,80,85,52200
11/12/2015,ZBRA,85,94,85,85,267800
11/11/2015,ZBRA,94,94,94,94,0
11/10/2015,ZBRA,94,94,94,94,0
11/9/2015,ZBRA,94,94,94,94,400
